,index,Source airport,Source airport ID,Destination airport,Destination airport ID,Source iata,Source long,Source lat,Dest iata,Dest long,Dest lat
13661,17890,HKG,3077,CNX,3931,HKG,113.915000916,22.3089008331,CNX,98.962600708,18.7667999267999
13313,17306,RNS,1415,BOD,1264,RNS,-1.73478996754,48.0694999694999,BOD,-0.715556025505,44.8283004761
23441,33133,FCO,1555,FUE,1051,FCO,12.2388889,41.8002778,FUE,-13.8638000488281,28.4526996612548
6441,7349,IBZ,1225,MUC,346,IBZ,1.37311995028999,38.8728981018,MUC,11.786100387573,48.353801727295
24382,35329,BBO,1122,JIB,4119,BBO,44.9411010742187,10.3892002105712,JIB,43.1595001220703,11.5473003387451
1262,1331,CGN,344,XRY,1226,CGN,7.1427397728,50.8658981323,XRY,-6.06011009216308,36.7445983886718
13372,17372,RAB,5435,HKN,5424,RAB,152.380004883,-4.34045982361,HKN,150.404998779296,-5.46217012405395
31729,54584,BSL,1423,CAG,1519,BSL,7.5291667,47.59,CAG,9.05428,39.251499
8345,9568,HEL,421,CDG,1382,HEL,24.963300704956,60.317199707031,CDG,2.54999995232,49.0127983093
7699,8830,STM,4092,BEL,2526,STM,-54.785831451416,-2.42472195625305,BEL,-48.4762992859,-1.37925004959
3425,4101,DIU,5711,PBD,3018,DIU,70.9210968017578,20.7131004333496,PBD,69.6572036742999,21.6487007141
18919,26350,CAG,1519,CRL,304,CAG,9.05428,39.251499,CRL,4.45382022858,50.4592018126999
18390,25779,JIB,4119,SAH,3980,JIB,43.1595001220703,11.5473003387451,SAH,44.2196998596191,15.4763002395629
5648,6468,PHL,3752,MKE,3717,PHL,-75.241096496582,39.871898651123,MKE,-87.8965988159179,42.9472007751464
15742,21863,SLC,3536,TWF,4263,SLC,-111.977996826171,40.7883987426757,TWF,-114.487999,42.48180008
33902,61484,HGH,3386,DAD,3196,HGH,120.43399810791,30.2294998168945,DAD,108.198997497558,16.0438995361328
6669,7648,TFS,1056,BSL,1423,TFS,-16.5725002289,28.044500351,BSL,7.5291667,47.59
28272,45543,SAW,4317,FRU,2912,SAW,29.3092002869,40.898601532,FRU,74.4776000977,43.0612983704
11217,14244,SJC,3748,BOS,3448,SJC,-121.929000854492,37.3625984191894,BOS,-71.00520325,42.36429977
34936,63957,LAS,3877,SDF,4014,LAS,-115.1520004,36.08010101,SDF,-85.736,38.1744
8313,9528,FLR,1563,LCY,503,FLR,11.2051,43.810001,LCY,0.055278,51.505299
31988,55083,LTN,492,LIS,1638,LTN,-0.368333011865615,51.874698638916,LIS,-9.13591957092,38.7812995911
23861,33990,LJG,4033,SJW,6347,LJG,100.246002197,26.6800003052,SJW,114.696998596191,38.2807006835937
4318,5090,DCA,3520,CRW,4285,DCA,-77.037697,38.8521,CRW,-81.5932006835937,38.3731002807617
11892,15384,SIN,3316,BWN,3272,SIN,103.994003,1.35019,BWN,114.928001403808,4.94420003890991
11291,14340,XMN,3383,RMQ,2268,XMN,118.12799835205,24.5440006256103,RMQ,120.621002197265,24.264699935913
19107,26544,CRL,304,VOL,1448,CRL,4.45382022858,50.4592018126999,VOL,22.7943000793457,39.2196006774902
34754,63375,YSO,7252,YHO,5502,YSO,-59.78507,54.9105,YHO,-60.2285995483398,55.4482994079589
10803,13684,SUJ,1659,OTP,1657,SUJ,22.88570022583,47.7033004760742,OTP,26.085,44.5711111
24319,35193,JOG,3898,LOP,8401,JOG,110.431999206542,-7.78817987442016,LOP,116.276675,-8.757322
4677,5464,GIG,2560,MIA,3576,GIG,-43.2505569458,-22.8099994659,MIA,-80.2906036376953,25.7931995391845
24290,35110,BTH,3903,BDO,3896,BTH,104.119003296,1.12102997303,BDO,107.575996398925,-6.90062999725341
12708,16517,KMG,3382,WNZ,6392,KMG,102.9291667,25.1019444,WNZ,120.851997375488,27.9122009277343
8630,9925,SAN,3731,ATL,3682,SAN,-117.190002441,32.7336006165,ATL,-84.4281005859375,33.6366996765136
35052,64519,TPA,3646,BNA,3690,TPA,-82.533203125,27.9755001068115,BNA,-86.6781997680664,36.1245002746582
5350,6166,NAN,1960,LAX,3484,NAN,177.442993164062,-17.7553997039794,LAX,-118.4079971,33.94250107
12530,16289,DYG,6353,PEK,3364,DYG,110.443001,29.1028,PEK,116.584999084472,40.0801010131835
9463,11233,SLW,1810,MEX,1824,SLW,-100.929000854492,25.5494995117187,MEX,-99.072098,19.4363
15011,20493,CVG,3488,IAH,3550,CVG,-84.6678009033,39.0488014221,IAH,-95.3414001464843,29.9843997955322
26448,40045,BEY,2177,ACC,248,BEY,35.4883995056152,33.8208999633789,ACC,-0.16678600013256,5.60518980026245
4394,5167,DFW,3670,AUS,3673,DFW,-97.0380020141601,32.896800994873,AUS,-97.6698989868164,30.1944999694824
27580,43897,BNE,3320,DUD,2011,BNE,153.117004394531,-27.384199142456,DUD,170.197998046875,-45.9281005859375
4098,4869,CHC,2009,SYD,3361,CHC,172.531997680664,-43.4893989562988,SYD,151.177001953125,-33.9460983276367
12750,16579,LYI,6385,CAN,3370,LYI,118.412002563476,35.046100616455,CAN,113.299003601074,23.3924007415771
21154,28909,BLI,3777,LAX,3484,BLI,-122.53800201416,48.7928009033203,LAX,-118.4079971,33.94250107
19753,27247,MAD,1229,STN,548,MAD,-3.56264,40.471926,STN,0.234999999404,51.8849983215
25013,37134,NAY,6341,NDG,6413,NAY,116.388000488281,39.7827987670898,NDG,123.917999267578,47.2396011352539
7870,9010,ANR,299,LCY,503,ANR,4.46027994156,51.1893997192,LCY,0.055278,51.505299
30382,51287,COK,3136,RUH,2082,COK,76.4019012451,10.1520004272,RUH,46.6987991333007,24.9575996398925
12031,15577,SVG,666,GOT,687,SVG,5.6377801895,58.876701354,GOT,12.279800415039,57.662799835205
10575,13260,EVN,3964,FCO,1555,EVN,44.3959007263,40.1473007202,FCO,12.2388889,41.8002778
17890,24920,BHM,3811,LAS,3877,BHM,-86.75350189,33.56290054,LAS,-115.1520004,36.08010101
701,747,HGH,3386,CTU,3395,HGH,120.43399810791,30.2294998168945,CTU,103.946998596191,30.5785007476806
32519,56260,DUJ,5734,CLE,3486,DUJ,-78.8986969,41.17829895,CLE,-81.8498001099,41.4117012024
25619,38560,MUC,346,BIO,1216,MUC,11.786100387573,48.353801727295,BIO,-2.91060996055603,43.3011016845703
9679,11512,TUC,2460,AEP,2442,TUC,-65.104897,-26.8409,AEP,-58.4156,-34.5592
5458,6276,ORD,3830,IAH,3550,ORD,-87.90480042,41.97859955,IAH,-95.3414001464843,29.9843997955322
19881,27391,NOC,600,KUN,3956,NOC,-8.81849002838134,53.910301208496,KUN,24.0848007202148,54.9639015197753
2632,3026,OTZ,3693,KVL,6719,OTZ,-162.598999,66.88469696,KVL,-164.563003540039,67.7361984252929
27081,42564,XNN,6366,YUS,7894,XNN,102.042999,36.5275,YUS,97.0363888889,32.8363888889
15518,21433,MSP,3858,RHI,5765,MSP,-93.2218017578,44.8819999694999,RHI,-89.4674987792968,45.6311988830566
19763,27260,MAN,478,BRE,353,MAN,-2.27495002746582,53.3536987304687,BRE,8.78666973114,53.0475006104
26477,40090,JED,2072,BEY,2177,JED,39.156502,21.6796,BEY,35.4883995056152,33.8208999633789
29250,47947,AMM,2170,LCA,1197,AMM,35.9931983948,31.7226009369,LCA,33.624900817871,34.8750991821289
2233,2418,TVY,6197,MGZ,3223,TVY,98.2035980224609,14.1038999557495,MGZ,98.6214981079101,12.4398002624511
27705,44156,JDO,6034,GRU,2564,JDO,-39.2700996398999,-7.21895980835,GRU,-46.4730567932128,-23.4355564117431
1644,1735,KKH,7213,KWK,7096,KKH,-162.880996704,59.9608001708999,KWK,-163.169005,59.876499
21617,29494,SHJ,2191,IKA,4330,SHJ,55.5172004699707,25.3285999298095,IKA,51.1521987915039,35.4160995483398
15249,20872,ICN,3930,DTW,3645,ICN,126.450996398925,37.4691009521484,DTW,-83.353401184082,42.2123985290527
34467,62988,TGM,1662,DTM,373,TGM,24.4125003814697,46.4677009582519,DTM,7.61223983765,51.5182991027999
10463,12879,TMP,458,HEL,421,TMP,23.604400634766,61.414100646973,HEL,24.963300704956,60.317199707031
6622,7580,RHO,1472,TXL,351,RHO,28.0862007141113,36.4053993225097,TXL,13.2876996994,52.5597000122
23053,32232,AMM,2170,MAD,1229,AMM,35.9931983948,31.7226009369,MAD,-3.56264,40.471926
33145,57583,SAP,1772,IAH,3550,SAP,-87.923599243164,15.4525995254516,IAH,-95.3414001464843,29.9843997955322
12316,15965,POS,2902,BGI,2875,POS,-61.3372001647949,10.5953998565673,BGI,-59.4925003052,13.0746002197
15602,21626,PVG,3406,SEA,3577,PVG,121.805000305175,31.1434001922607,SEA,-122.30899810791,47.4490013122558
29440,48572,EVN,3964,OVB,4078,EVN,44.3959007263,40.1473007202,OVB,82.650703430176,55.012599945068
16197,22445,GOT,687,BCN,1218,GOT,12.279800415039,57.662799835205,BCN,2.0784599781036,41.297100067139
14851,20046,AMS,580,SFO,3469,AMS,4.76388978957999,52.3086013794,SFO,-122.375,37.6189994812011
1685,1790,KIS,1140,NBO,4059,KIS,34.7289009094238,-0.0861390009522438,NBO,36.9277992249,-1.31923997402
19522,27003,IBZ,1225,MRS,1353,IBZ,1.37311995028999,38.8728981018,MRS,5.22142410278,43.439271922
5296,6110,MIA,3576,STX,2884,MIA,-80.2906036376953,25.7931995391845,STX,-64.798599243164,17.7019004821777
30799,52271,BAL,1729,IST,1701,BAL,41.1166000366,37.9290008544999,IST,28.8145999907999,40.9768981934
1390,1459,HAM,342,PRG,1587,HAM,9.9882297515869,53.630401611328,PRG,14.26,50.1008
9144,10715,KBR,3298,KCH,3263,KBR,102.292999267578,6.16685009002685,KCH,110.34700012207,1.48469996452331
16016,22232,ALC,1212,OUL,446,ALC,-0.558156013488769,38.2821998596191,OUL,25.354600906372,64.930099487305
12926,16793,PEK,3364,URC,3399,PEK,116.584999084472,40.0801010131835,URC,87.4741973876953,43.9071006774902
21552,29422,DAC,3076,SHJ,2191,DAC,90.397783,23.843347,SHJ,55.5172004699707,25.3285999298095
13238,17221,XNN,6366,WUH,3376,XNN,102.042999,36.5275,WUH,114.208000183105,30.783800125122
23115,32371,BIO,1216,FUE,1051,BIO,-2.91060996055603,43.3011016845703,FUE,-13.8638000488281,28.4526996612548
18889,26320,BVA,1367,RYG,657,BVA,2.11278009414672,49.4543991088867,RYG,10.785439,59.378817
22172,30325,KWL,3372,ZUH,6355,KWL,110.039001464843,25.2180995941162,ZUH,113.375999,22.006399
11358,14427,BCN,1218,LGW,502,BCN,2.0784599781036,41.297100067139,LGW,-0.190277993679046,51.1481018066406
31621,54380,ABZ,532,LTN,492,ABZ,-2.19777989387512,57.2019004821777,LTN,-0.368333011865615,51.874698638916
11000,13961,BTV,3711,JFK,3797,BTV,-73.1532974242999,44.4719009398999,JFK,-73.77890015,40.63980103
613,655,CKG,3393,ZHA,6357,CKG,106.641998291015,29.7192001342773,ZHA,110.358002,21.214399
22530,31121,LLA,734,GEV,715,LLA,22.121999740601,65.543800354004,GEV,20.8145999908447,67.1324005126953
15103,20631,DTW,3645,IND,3585,DTW,-83.353401184082,42.2123985290527,IND,-86.294403,39.7173
28889,46754,ARM,4062,SYD,3361,ARM,151.617004395,-30.5280990600999,SYD,151.177001953125,-33.9460983276367
16143,22377,CPH,609,DUB,599,CPH,12.656000137329,55.617900848389,DUB,-6.27007007598876,53.4212989807128
19473,26951,HHN,355,CIY,9327,HHN,7.26388978957999,49.9486999512,CIY,14.607182,36.994601
25567,38426,HND,2359,FRA,340,HND,139.779999,35.552299,FRA,8.5705556,50.0333333
28130,45372,ADB,1706,ASR,1696,ADB,27.156999588,38.2924003601,ASR,35.4953994751,38.770401001
5875,6697,SAN,3731,JFK,3797,SAN,-117.190002441,32.7336006165,JFK,-73.77890015,40.63980103
6218,7055,AYT,1688,PAD,371,AYT,30.800501,36.898701,PAD,8.61631965636999,51.6141014098999
8917,10247,ORY,1386,TLM,230,ORY,2.3794444,48.7233333,TLM,-1.45000004768,35.0167007446
32187,55486,TLV,1590,MAN,478,TLV,34.8866996765136,32.0113983154296,MAN,-2.27495002746582,53.3536987304687
20212,27744,RIX,3953,DUB,599,RIX,23.9710998535156,56.923599243164,DUB,-6.27007007598876,53.4212989807128
32479,56133,DEN,3751,IAD,3714,DEN,-104.672996521,39.861698150635,IAD,-77.45580292,38.94449997
14596,19632,ROI,4132,DMK,3157,ROI,103.774002075195,16.1168003082275,DMK,100.607002258,13.9125995636
3574,4306,ATH,3941,WAW,679,ATH,23.9444999695,37.9364013672,WAW,20.9671001433999,52.1656990051
9148,10719,KCH,3263,BKI,3269,KCH,110.34700012207,1.48469996452331,BKI,116.051002502441,5.93721008300781
14348,19251,TYN,3369,XMN,3383,TYN,112.62799835205,37.746898651123,XMN,118.12799835205,24.5440006256103
27003,42118,PVG,3406,HNL,3728,PVG,121.805000305175,31.1434001922607,HNL,-157.921997070312,21.3187007904052
30697,51857,BHX,469,DLM,1715,BHX,-1.74802994728,52.4538993834999,DLM,28.7924995422,36.7131004333
26398,39980,DZA,915,TNR,918,DZA,45.2811012268066,-12.8046998977661,TNR,47.4788017273,-18.7968997955
5117,5925,MAA,3144,LHR,507,MAA,80.1692962646484,12.990005493164,LHR,-0.461941,51.4706
10716,13484,LIS,1638,FCO,1555,LIS,-9.13591957092,38.7812995911,FCO,12.2388889,41.8002778
843,895,SYX,4030,WNZ,6392,SYX,109.412002563476,18.302900314331,WNZ,120.851997375488,27.9122009277343
13781,18090,BKK,3885,CGO,3375,BKK,100.747001647949,13.6810998916625,CGO,113.841003418,34.5196990966999
14983,20431,CID,4043,MSP,3858,CID,-91.7108001708984,41.8847007751464,MSP,-93.2218017578,44.8819999694999
5433,6250,ORD,3830,CVG,3488,ORD,-87.90480042,41.97859955,CVG,-84.6678009033,39.0488014221
22834,31919,ZTH,1488,AMS,580,ZTH,20.8843002319335,37.7509002685546,AMS,4.76388978957999,52.3086013794
5814,6636,PVD,3641,PHL,3752,PVD,-71.4204025268554,41.7326011657714,PHL,-75.241096496582,39.871898651123
31722,54574,BSL,1423,AGP,1230,BSL,7.5291667,47.59,AGP,-4.49911022186279,36.6749000549316
26546,40691,LDU,3268,BKI,3269,LDU,118.323997497558,5.03224992752075,BKI,116.051002502441,5.93721008300781
23752,33766,GYD,2922,TBZ,2162,GYD,50.0466995239257,40.4674987792968,TBZ,46.2350006103515,38.1338996887207
19880,27390,NOC,600,FAO,1626,NOC,-8.81849002838134,53.910301208496,FAO,-7.96590995789,37.0144004822
27254,42999,KIJ,4381,NRT,2279,KIJ,139.121002197,37.9558982849,NRT,140.386001587,35.7647018433
30804,52280,BGW,4130,IST,1701,BGW,44.2346000671,33.2625007629,IST,28.8145999907999,40.9768981934
5497,6315,ORD,3830,PVG,3406,ORD,-87.90480042,41.97859955,PVG,121.805000305175,31.1434001922607
8628,9923,RUN,916,MRU,893,RUN,55.5102996826171,-20.8871002197265,MRU,57.6836013793945,-20.4302005767822
32716,56652,IAD,3714,MAN,478,IAD,-77.45580292,38.94449997,MAN,-2.27495002746582,53.3536987304687
21921,29898,BAH,2057,KHI,2206,BAH,50.6335983276367,26.2707996368408,KHI,67.160797,24.9065
22066,30145,EMA,523,GCI,498,EMA,-1.32806003094,52.8311004639,GCI,-2.60196995735168,49.435001373291
29183,47807,NUX,4364,KRR,2960,NUX,76.5203018188476,66.0693969726562,KRR,39.170501708984,45.034698486328
13928,18345,CSX,3371,LZO,6399,CSX,113.220001221,28.1891994475999,LZO,105.392997741699,28.8521995544433
1897,2036,YCB,32,YCO,37,YCB,-105.138000488,69.1081008911,YCO,-115.143997192,67.8167037963999
24248,35027,PER,3351,CNS,3322,PER,115.967002868652,-31.9402999877929,CNS,145.755004883,-16.885799408
20065,27586,PMI,3998,EIN,585,PMI,2.73881006241,39.551700592,EIN,5.37452983856,51.4500999451
2373,2636,HPB,6716,VAK,5968,HPB,-166.1470032,61.52389908,VAK,-165.6005,61.5409
24068,34704,MSJ,2346,ITM,2334,MSJ,141.367996216,40.7032012938999,ITM,135.438003540039,34.7854995727539
10422,12761,KOK,435,HEL,421,KOK,23.143100738525,63.721199035645,HEL,24.963300704956,60.317199707031
19118,26558,CUF,1534,CAG,1519,CUF,7.62322,44.547001,CAG,9.05428,39.251499
16472,22795,CSX,3371,DMK,3157,CSX,113.220001221,28.1891994475999,DMK,100.607002258,13.9125995636
32207,55529,DME,4029,GBB,8775,DME,37.9062995910644,55.4087982177734,GBB,47.7125,40.826667
2457,2760,WAA,7187,OME,3615,WAA,-168.095,65.622593,OME,-165.445007324218,64.5121994018554
23842,33910,ERL,10160,PEK,3364,ERL,112.096667,43.4225,PEK,116.584999084472,40.0801010131835
21754,29654,ICN,3930,CGK,3275,ICN,126.450996398925,37.4691009521484,CGK,106.65599823,-6.1255698204
20239,27773,RYG,657,PMI,3998,RYG,10.785439,59.378817,PMI,2.73881006241,39.551700592
24821,36207,AMS,580,DEL,3093,AMS,4.76388978957999,52.3086013794,DEL,77.1031036376953,28.566499710083
29322,48383,LGW,502,PDL,1633,LGW,-0.190277993679046,51.1481018066406,PDL,-25.6979007721,37.7411994934
11318,14370,MHD,4331,TBZ,2162,MHD,59.640998840332,36.2351989746093,TBZ,46.2350006103515,38.1338996887207
28236,45500,MZH,1693,SAW,4317,MZH,35.521999,40.829399,SAW,29.3092002869,40.898601532
20364,27904,STN,548,IBZ,1225,STN,0.234999999404,51.8849983215,IBZ,1.37311995028999,38.8728981018
9886,11976,SEA,3577,YYC,178,SEA,-122.30899810791,47.4490013122558,YYC,-114.019996643,51.113899231
19471,26949,HHN,355,CHQ,1474,HHN,7.26388978957999,49.9486999512,CHQ,24.1497001647949,35.5317001342773
24769,36075,PUS,2372,SGN,3205,PUS,128.93800354,35.1795005798,SGN,106.652000427,10.8187999725
32146,55416,SVQ,1253,GVA,1665,SVQ,-5.89310979843139,37.4179992675781,GVA,6.10895013809204,46.2380981445312
1348,1417,HAJ,352,FCO,1555,HAJ,9.68507957458,52.461101532,FCO,12.2388889,41.8002778
27533,43776,OKA,2384,OKJ,2327,OKA,127.646003723,26.1958007812,OKJ,133.854995728,34.7569007874
27946,44837,PRN,1742,ZAG,1208,PRN,21.035801,42.5728,ZAG,16.0687999725,45.7429008484
6293,7159,DUS,345,DME,4029,DUS,6.76677989959716,51.2895011901855,DME,37.9062995910644,55.4087982177734
17494,24363,DEN,3751,CYS,3804,DEN,-104.672996521,39.861698150635,CYS,-104.8119965,41.15570068
26036,39337,GLA,534,LPA,1054,GLA,-4.43306016922,55.8718986511,LPA,-15.3865995407104,27.931900024414
9727,11612,CDV,3610,YAK,6803,CDV,-145.4779968,60.4917984,YAK,-139.660003662,59.5032997131
13441,17520,TPE,2276,KHN,3384,TPE,121.233002,25.0777,KHN,115.900001525878,28.8649997711181
13248,17232,YCU,6430,SZX,3374,YCU,111.031388889,35.116391,SZX,113.810997009277,22.6392993927001
31082,52843,TLL,415,IST,1701,TLL,24.8327999114999,59.4132995604999,IST,28.8145999907999,40.9768981934
28727,46460,NRT,2279,POM,5,NRT,140.386001587,35.7647018433,POM,147.220001220703,-9.44338035583496
7309,8399,YYZ,193,BOS,3448,YYZ,-79.6305999755999,43.6772003174,BOS,-71.00520325,42.36429977
21114,28868,AZA,6505,ATW,4047,AZA,-111.6549988,33.30780029,ATW,-88.5190963745,44.2580986022999
27752,44421,LED,2948,KLV,1579,LED,30.2625007629394,59.8003005981445,KLV,12.914999961853,50.2029991149902
30230,51019,ROV,2964,LED,2948,ROV,39.8180999756,47.2582015991,LED,30.2625007629394,59.8003005981445
20347,27887,STN,548,DNR,1405,STN,0.234999999404,51.8849983215,DNR,-2.07996010780334,48.5876998901367
16911,23362,MUC,346,BRI,1501,MUC,11.786100387573,48.353801727295,BRI,16.760599,41.138901
35661,66241,VOZ,2987,MUC,346,VOZ,39.2295989990234,51.8142013549804,MUC,11.786100387573,48.353801727295
18139,25284,MDW,3747,PUJ,1760,MDW,-87.7524032592773,41.7859992980957,PUJ,-68.3634033203,18.5673999785999
13885,18261,CGO,3375,ZUH,6355,CGO,113.841003418,34.5196990966999,ZUH,113.375999,22.006399
14136,18785,LBD,6147,URC,3399,LBD,69.6947021484375,40.2154006958007,URC,87.4741973876953,43.9071006774902
24451,35425,YSB,133,YTS,143,YSB,-80.7988967895507,46.625,YTS,-81.376701355,48.5696983336999
30023,50653,TNR,918,ORY,1386,TNR,47.4788017273,-18.7968997955,ORY,2.3794444,48.7233333
33033,57300,ORD,3830,FOE,3843,ORD,-87.90480042,41.97859955,FOE,-95.6635971069,38.9509010314999
10237,12456,LPB,2762,BOG,2709,LPB,-68.1922988891601,-16.5132999420166,BOG,-74.1469,4.70159
29668,49321,PZU,5702,CAI,1128,PZU,37.2341003417968,19.4335994720459,CAI,31.4055995941162,30.1219005584716
12973,16854,PVG,3406,SZX,3374,PVG,121.805000305175,31.1434001922607,SZX,113.810997009277,22.6392993927001
12719,16532,KWE,3394,KHN,3384,KWE,106.801002502441,26.5384998321533,KHN,115.900001525878,28.8649997711181
14866,20080,ATL,3682,BSB,2531,ATL,-84.4281005859375,33.6366996765136,BSB,-47.9208335876464,-15.8691673278808
18636,26054,BGY,1525,RAK,1075,BGY,9.70417,45.673901,RAK,-8.03629970551,31.6068992614999
13933,18353,CSX,3371,SJW,6347,CSX,113.220001221,28.1891994475999,SJW,114.696998596191,38.2807006835937
923,978,XUZ,4149,DLC,3404,XUZ,117.555278,34.059056,DLC,121.539001464843,38.9656982421875
25119,37384,FRA,340,KWI,2176,FRA,8.5705556,50.0333333,KWI,47.9688987731933,29.2266006469726
9360,11045,MAM,1818,MEX,1824,MAM,-97.5252990723,25.7698993683,MEX,-99.072098,19.4363
33290,57937,LPY,1313,ORY,1386,LPY,3.76289010047912,45.0806999206543,ORY,2.3794444,48.7233333
28597,46209,MNL,2397,SFO,3469,MNL,121.019997,14.5086,SFO,-122.375,37.6189994812011
2675,3121,KMG,3382,WUH,3376,KMG,102.9291667,25.1019444,WUH,114.208000183105,30.783800125122
34335,62828,KTW,671,DTM,373,KTW,19.08,50.4743,DTM,7.61223983765,51.5182991027999
15452,21352,MSP,3858,BMI,4037,MSP,-93.2218017578,44.8819999694999,BMI,-88.91590118,40.47710037
21805,29709,PNK,3284,CGK,3275,PNK,109.403999328613,-0.150710999965667,CGK,106.65599823,-6.1255698204
20939,28573,CGB,2548,CGH,2618,CGB,-56.1166992188,-15.6528997421,CGH,-46.6563873291015,-23.6261100769042
13281,17265,YTY,8876,XMN,3383,YTY,119.7198,32.5634,XMN,118.12799835205,24.5440006256103
9280,10927,CUL,1792,MTY,1825,CUL,-107.474998474,24.7644996643,MTY,-100.107002258,25.7784996033
15551,21492,NGO,3942,GUM,2246,NGO,136.804992675781,34.8583984375,GUM,144.796005249,13.4834003448
28318,45597,TZX,1726,SAW,4317,TZX,39.7896995544433,40.9950981140136,SAW,29.3092002869,40.898601532
6971,8014,OUA,246,BRU,302,OUA,-1.51242005825042,12.3531999588012,BRU,4.48443984985,50.9014015198
6270,7129,DJE,293,DUS,345,DJE,10.7755002975463,33.875,DUS,6.76677989959716,51.2895011901855
22689,31751,ATH,3941,AMS,580,ATH,23.9444999695,37.9364013672,AMS,4.76388978957999,52.3086013794
30431,51384,JED,2072,BHH,2062,JED,39.156502,21.6796,BHH,42.6208992004394,19.9843997955322
10004,12157,CMN,1074,TXL,351,CMN,-7.58997011184692,33.3675003051757,TXL,13.2876996994,52.5597000122
13029,16936,SZX,3374,HFE,3389,SZX,113.810997009277,22.6392993927001,HFE,117.297996520996,31.7800006866455
25263,37828,ZAL,2667,SCL,2650,ZAL,-73.0860977173,-39.6500015259,SCL,-70.7857971191406,-33.3930015563964
21569,29441,KBP,2939,SHJ,2191,KBP,30.8946990966796,50.3450012207031,SHJ,55.5172004699707,25.3285999298095
30557,51609,ERS,5645,MPA,6779,ERS,17.0804004669189,-22.6121997833251,MPA,24.176700592,-17.6343994141
5128,5936,MAN,478,LHR,507,MAN,-2.27495002746582,53.3536987304687,LHR,-0.461941,51.4706
5226,6038,MIA,3576,FDF,2878,MIA,-80.2906036376953,25.7931995391845,FDF,-61.0032005310058,14.5909996032714
32945,57063,LMT,5750,SFO,3469,LMT,-121.733001708984,42.1561012268066,SFO,-122.375,37.6189994812011
30808,52301,BRE,353,IST,1701,BRE,8.78666973114,53.0475006104,IST,28.8145999907999,40.9768981934
19203,26668,EDI,535,HHN,355,EDI,-3.37249994277954,55.9500007629394,HHN,7.26388978957999,49.9486999512
5504,6322,ORD,3830,RSW,3793,ORD,-87.90480042,41.97859955,RSW,-81.7552032470703,26.5361995697021
32388,55968,CLE,3486,BOS,3448,CLE,-81.8498001099,41.4117012024,BOS,-71.00520325,42.36429977
29880,50049,ORD,3830,ARN,737,ORD,-87.90480042,41.97859955,ARN,17.918600082397,59.651901245117
17762,24729,BLL,608,KEF,16,BLL,9.15178012848,55.7402992249,KEF,-22.605600357056,63.985000610352
33106,57510,PUJ,1760,IAD,3714,PUJ,-68.3634033203,18.5673999785999,IAD,-77.45580292,38.94449997
15435,21334,MSN,3459,SLC,3536,MSN,-89.3375015258789,43.1399002075195,SLC,-111.977996826171,40.7883987426757
22756,31831,KIT,1454,KLX,1456,KIT,23.0170001984,36.2742996216,KLX,22.025499343872,37.0682983398437
1943,2082,YXP,170,YFB,55,YXP,-65.7136001586999,66.1449966431,YFB,-68.5558013916,63.756401062
19273,26738,EMA,523,LPA,1054,EMA,-1.32806003094,52.8311004639,LPA,-15.3865995407104,27.931900024414
5224,6035,MIA,3576,EWR,3494,MIA,-80.2906036376953,25.7931995391845,EWR,-74.168701171875,40.6925010681152
12547,16306,FRA,340,PEK,3364,FRA,8.5705556,50.0333333,PEK,116.584999084472,40.0801010131835
29186,47811,PWE,2931,VKO,2988,PWE,170.59700012207,69.783302307129,VKO,37.2615013123,55.5914993286
13779,18087,BHY,6351,SJW,6347,BHY,109.293999,21.5394,SJW,114.696998596191,38.2807006835937
11422,14579,JNB,813,MRU,893,JNB,28.246,-26.1392,MRU,57.6836013793945,-20.4302005767822
10852,13788,ARN,737,MSQ,2954,ARN,17.918600082397,59.651901245117,MSQ,28.030700683594,53.882499694824
18763,26188,BRE,353,OPO,1636,BRE,8.78666973114,53.0475006104,OPO,-8.68138980865,41.2481002808
15000,20463,CRW,4285,DTW,3645,CRW,-81.5932006835937,38.3731002807617,DTW,-83.353401184082,42.2123985290527
14063,18623,ICN,3930,CAN,3370,ICN,126.450996398925,37.4691009521484,CAN,113.299003601074,23.3924007415771
30710,51904,LGW,502,DLM,1715,LGW,-0.190277993679046,51.1481018066406,DLM,28.7924995422,36.7131004333
12894,16757,PEK,3364,MUC,346,PEK,116.584999084472,40.0801010131835,MUC,11.786100387573,48.353801727295
24307,35159,DJB,3287,BTH,3903,DJB,103.643997192382,-1.63802003860473,BTH,104.119003296,1.12102997303
21924,29901,BAH,2057,LCA,1197,BAH,50.6335983276367,26.2707996368408,LCA,33.624900817871,34.8750991821289
28878,46728,MVR,898,NSI,4161,MVR,14.2573995590209,10.4513998031616,NSI,11.5532999038696,3.72255992889404
17583,24473,ORD,3830,PUJ,1760,ORD,-87.90480042,41.97859955,PUJ,-68.3634033203,18.5673999785999
3906,4670,AGS,3658,DCA,3520,AGS,-81.9645004272461,33.3698997497558,DCA,-77.037697,38.8521
16678,23041,SEN,508,DUB,599,SEN,0.695555984973907,51.5713996887207,DUB,-6.27007007598876,53.4212989807128
31391,53782,OPO,1636,EWR,3494,OPO,-8.68138980865,41.2481002808,EWR,-74.168701171875,40.6925010681152
29978,50395,HOR,1628,TER,1629,HOR,-28.7159004211425,38.5199012756347,TER,-27.0907993316999,38.7617988585999
31139,52952,TET,988,BEW,974,TET,33.6402015686035,-16.1047992706298,BEW,34.907600402832,-19.7964000701904
27106,42617,OGG,3456,MKK,3705,OGG,-156.429992675781,20.8985996246337,MKK,-157.095993041992,21.1529006958007
3313,3913,BNS,2822,CCS,2851,BNS,-70.2208023071289,8.61956977844238,CCS,-66.9905853271,10.6031169891
33313,57972,TUN,287,GAE,291,TUN,10.2271995544433,36.8510017395019,GAE,10.1033000946044,33.8768997192382
7190,8252,YVR,156,FRA,340,YVR,-123.183998108,49.193901062,FRA,8.5705556,50.0333333
15350,21139,LGA,3697,MSP,3858,LGA,-73.87259674,40.77719879,MSP,-93.2218017578,44.8819999694999
12598,16374,HGH,3386,LJG,4033,HGH,120.43399810791,30.2294998168945,LJG,100.246002197,26.6800003052
28619,46268,DOK,2940,TLV,1590,DOK,37.7397003173828,48.0736007690429,TLV,34.8866996765136,32.0113983154296
22721,31787,EIN,585,DLM,1715,EIN,5.37452983856,51.4500999451,DLM,28.7924995422,36.7131004333
7037,8084,YEG,49,IAH,3550,YEG,-113.580001831,53.3097000122,IAH,-95.3414001464843,29.9843997955322
5808,6629,PTY,1871,MIA,3576,PTY,-79.3834991455,9.0713596344,MIA,-80.2906036376953,25.7931995391845
23697,33661,GXF,5954,JED,2072,GXF,48.7882995604999,15.9660997391,JED,39.156502,21.6796
26158,39510,ZTH,1488,LBA,517,ZTH,20.8843002319335,37.7509002685546,LBA,-1.66057002544403,53.8658981323242
8756,10074,ALG,210,GHA,237,ALG,3.21540999412536,36.6910018920898,GHA,3.79411005973815,32.3841018676757
5994,6819,SJU,2890,PHL,3752,SJU,-66.0018005371,18.4393997192,PHL,-75.241096496582,39.871898651123
3655,4393,LED,2948,SKG,1486,LED,30.2625007629394,59.8003005981445,SKG,22.9708995819091,40.5196990966796
14214,18937,PEK,3364,JJN,6386,PEK,116.584999084472,40.0801010131835,JJN,118.589996,24.7964
23362,32953,TFS,1056,ORY,1386,TFS,-16.5725002289,28.044500351,ORY,2.3794444,48.7233333
10982,13935,BOS,3448,MSY,3861,BOS,-71.00520325,42.36429977,MSY,-90.2580032348632,29.9934005737304
7290,8380,YYT,189,YHZ,73,YYT,-52.7518997192,47.618598938,YHZ,-63.5085983276,44.8807983398
27088,42576,YNT,3392,HKG,3077,YNT,121.372001647949,37.4016990661621,HKG,113.915000916,22.3089008331
26133,39479,PRG,1587,EDI,535,PRG,14.26,50.1008,EDI,-3.37249994277954,55.9500007629394
3770,4523,FCO,1555,LYS,1335,FCO,12.2388889,41.8002778,LYS,5.0811111,45.7255556
35084,64666,YBR,31,YYC,178,YBR,-99.951897,49.91,YYC,-114.019996643,51.113899231
11375,14456,BRU,302,BLL,608,BRU,4.48443984985,50.9014015198,BLL,9.15178012848,55.7402992249
32809,56769,IAH,3550,JAN,3580,IAH,-95.3414001464843,29.9843997955322,JAN,-90.0758972168,32.3111991882
28302,45579,SAW,4317,VAS,1694,SAW,29.3092002869,40.898601532,VAS,36.9035,39.813801
27341,43261,TOY,2324,ICN,3930,TOY,137.188003540039,36.6483001708984,ICN,126.450996398925,37.4691009521484
33144,57582,SAP,1772,EWR,3494,SAP,-87.923599243164,15.4525995254516,EWR,-74.168701171875,40.6925010681152
17735,24688,KHH,2264,CTU,3395,KHH,120.349998474121,22.5771007537841,CTU,103.946998596191,30.5785007476806
26255,39697,OTP,1657,ZRH,1678,OTP,26.085,44.5711111,ZRH,8.5491695404053,47.464698791504
4048,4819,BTR,3846,CLT,3876,BTR,-91.14959717,30.53319931,CLT,-80.9430999755859,35.2140007019043
9763,11691,LAS,3877,BLI,3777,LAS,-115.1520004,36.08010101,BLI,-122.53800201416,48.7928009033203
22003,30022,JJU,5442,UAK,7,JJU,-46.0299186409,60.7156841552999,UAK,-45.4259986877,61.1604995728
14008,18506,HAK,4120,XMN,3383,HAK,110.458999633789,19.9349002838134,XMN,118.12799835205,24.5440006256103
12763,16594,MFM,3121,NGB,3387,MFM,113.592002868652,22.1495990753173,NGB,121.461997985839,29.8267002105712
2689,3139,LJG,4033,CSX,3371,LJG,100.246002197,26.6800003052,CSX,113.220001221,28.1891994475999
4462,5236,DFW,3670,ICT,3457,DFW,-97.0380020141601,32.896800994873,ICT,-97.4330978393554,37.6498985290527
714,760,HRB,3400,DLC,3404,HRB,126.25,45.6234016418457,DLC,121.539001464843,38.9656982421875
21618,29495,SHJ,2191,JAI,3098,SHJ,55.5172004699707,25.3285999298095,JAI,75.8122024536,26.8241996765
21169,28924,CID,4043,PIE,3617,CID,-91.7108001708984,41.8847007751464,PIE,-82.68740082,27.91020012
26535,40625,KUL,3304,BNE,3320,KUL,101.70999908447,2.745579957962,BNE,153.117004394531,-27.384199142456
781,829,LUM,6376,KMG,3382,LUM,98.5317,24.4011,KMG,102.9291667,25.1019444
380,413,SIN,3316,TPE,2276,SIN,103.994003,1.35019,TPE,121.233002,25.0777
19268,26733,EMA,523,GRO,1222,EMA,-1.32806003094,52.8311004639,GRO,2.7605500221,41.901000977
32541,56308,EWR,3494,CUN,1852,EWR,-74.168701171875,40.6925010681152,CUN,-86.8770980835,21.0365009308
21830,29739,SUB,3928,BDO,3896,SUB,112.787002563476,-7.37982988357543,BDO,107.575996398925,-6.90062999725341
1558,1628,STR,350,TXL,351,STR,9.22196006775,48.6898994445999,TXL,13.2876996994,52.5597000122
14568,19601,DMK,3157,CJM,4300,DMK,100.607002258,13.9125995636,CJM,99.361701965332,10.711199760437
9892,12002,SJD,1840,SAN,3731,SJD,-109.721000671386,23.1518001556396,SAN,-117.190002441,32.7336006165
14032,18567,HGH,3386,WUH,3376,HGH,120.43399810791,30.2294998168945,WUH,114.208000183105,30.783800125122
12585,16353,HFE,3389,SZX,3374,HFE,117.297996520996,31.7800006866455,SZX,113.810997009277,22.6392993927001
16846,23271,KIX,3992,DXB,2188,KIX,135.244003295898,34.4272994995117,DXB,55.3643989563,25.2527999878
15196,20777,GDL,1804,SLC,3536,GDL,-103.310997009277,20.5217990875244,SLC,-111.977996826171,40.7883987426757
27407,43439,FLL,3533,TLC,1850,FLL,-80.1527023315429,26.0725994110107,TLC,-99.5660018921,19.3370990753
19083,26520,CRL,304,PGF,1356,CRL,4.45382022858,50.4592018126999,PGF,2.87067008018493,42.7403984069824
1098,1164,PVR,1836,MEX,1824,PVR,-105.253997802734,20.6800994873046,MEX,-99.072098,19.4363
22435,30963,PVG,3406,XFN,6360,PVG,121.805000305175,31.1434001922607,XFN,112.291,32.1506
21130,28884,AZA,6505,IDA,4100,AZA,-111.6549988,33.30780029,IDA,-112.070999145507,43.5145988464355
17167,23718,BLZ,1013,LLW,1016,BLZ,34.9739990234375,-15.679100036621,LLW,33.78099823,-13.7894001007
28025,45167,SIN,3316,JNB,813,SIN,103.994003,1.35019,JNB,28.246,-26.1392
6060,6888,SYR,3745,CLT,3876,SYR,-76.1063003540039,43.1111984252929,CLT,-80.9430999755859,35.2140007019043
1470,1540,PMI,3998,HAJ,352,PMI,2.73881006241,39.551700592,HAJ,9.68507957458,52.461101532
12822,16675,PEK,3364,ADD,1107,PEK,116.584999084472,40.0801010131835,ADD,38.7993011474999,8.97789001465
32169,55444,SXF,337,NCE,1354,SXF,13.522500038147,52.380001068115,NCE,7.21586990356,43.6584014893
951,1009,NUX,4364,VKO,2988,NUX,76.5203018188476,66.0693969726562,VKO,37.2615013123,55.5914993286
15871,22072,SDD,959,VPE,5632,SDD,13.5749998092651,-14.9246997833251,VPE,15.6837997437,-17.0435009003
13856,18207,CAN,3370,YIH,6361,CAN,113.299003601074,23.3924007415771,YIH,111.479988,30.55655
16010,22223,ALC,1212,EVE,641,ALC,-0.558156013488769,38.2821998596191,EVE,16.678100585938,68.491302490234
7446,8554,BVB,2533,MAO,2551,BVB,-60.6922225952,2.84138894081,MAO,-60.0497016906738,-3.03860998153686
5548,6366,PBI,3722,DCA,3520,PBI,-80.0955963134765,26.6832008361816,DCA,-77.037697,38.8521
13580,17737,TGU,1776,PTY,1871,TGU,-87.2172012329101,14.060899734497,PTY,-79.3834991455,9.0713596344
8869,10194,LYS,1335,CZL,221,LYS,5.0811111,45.7255556,CZL,6.62038993835449,36.2760009765625
12537,16296,FOC,3385,JDZ,6380,FOC,119.66300201416,25.9351005554199,JDZ,117.176002502,29.3386001587
23607,33448,KHI,2206,IKA,4330,KHI,67.160797,24.9065,IKA,51.1521987915039,35.4160995483398
33476,58362,VKO,2988,AGP,1230,VKO,37.2615013123,55.5914993286,AGP,-4.49911022186279,36.6749000549316
7626,8749,PLU,2528,MOC,2587,PLU,-43.9505996704101,-19.8512001037597,MOC,-43.818901062,-16.7068996428999
20983,28646,FLN,2555,POA,2599,FLN,-48.5525016784668,-27.6702785491943,POA,-51.1713981628418,-29.994400024414
3635,4372,JSY,5787,ATH,3941,JSY,24.9508991240999,37.4227981567,ATH,23.9444999695,37.9364013672
9693,11535,ANC,3774,HNL,3728,ANC,-149.996002197265,61.1744003295898,HNL,-157.921997070312,21.3187007904052
5856,6678,ROW,3736,DFW,3670,ROW,-104.53099822998,33.3016014099121,DFW,-97.0380020141601,32.896800994873
2175,2347,SXF,337,TLV,1590,SXF,13.522500038147,52.380001068115,TLV,34.8866996765136,32.0113983154296
2614,2965,BKK,3885,CKG,3393,BKK,100.747001647949,13.6810998916625,CKG,106.641998291015,29.7192001342773
20986,28650,FOR,2559,EZE,3988,FOR,-38.532600402832,-3.77627992630004,EZE,-58.5358,-34.8222
30748,52076,BKK,3885,MXP,1524,BKK,100.747001647949,13.6810998916625,MXP,8.72811,45.6306
2306,2544,HND,2359,KKJ,2311,HND,139.779999,35.552299,KKJ,131.035003662,33.8459014893
14545,19576,BMA,738,HAD,709,BMA,17.9416999816894,59.3544006347656,HAD,12.8201999664306,56.6911010742187
9623,11434,EZE,3988,ASU,2699,EZE,-58.5358,-34.8222,ASU,-57.5200004577636,-25.2399997711181
2509,2823,DYU,2979,DEL,3093,DYU,68.8249969482,38.5433006286999,DEL,77.1031036376953,28.566499710083
14353,19257,URC,3399,CAN,3370,URC,87.4741973876953,43.9071006774902,CAN,113.299003601074,23.3924007415771
26989,42050,PEK,3364,JNG,6944,PEK,116.584999084472,40.0801010131835,JNG,116.346667,35.292778
30705,51890,GLA,534,AYT,1688,GLA,-4.43306016922,55.8718986511,AYT,30.800501,36.898701
31401,53816,SID,1102,LIS,1638,SID,-22.9493999481201,16.7413997650146,LIS,-9.13591957092,38.7812995911
18729,26154,BOD,1264,OPO,1636,BOD,-0.715556025505,44.8283004761,OPO,-8.68138980865,41.2481002808
2054,2204,DEL,3093,BDQ,3001,DEL,77.1031036376953,28.566499710083,BDQ,73.2263031006,22.3362007141
3654,4392,LED,2948,RHO,1472,LED,30.2625007629394,59.8003005981445,RHO,28.0862007141113,36.4053993225097
26557,40724,MUR,3265,MYY,3266,MUR,114.329002380371,4.17897987365722,MYY,113.986999511718,4.3220100402832
30105,50772,ATH,3941,SVO,2985,ATH,23.9444999695,37.9364013672,SVO,37.4146,55.972599
2205,2383,MJZ,2925,PYJ,6092,MJZ,114.039001464843,62.5346984863281,PYJ,112.029998779,66.4003982544
20136,27665,PSA,1562,MLA,1606,PSA,10.3927,43.683899,MLA,14.4775,35.857498
27923,44791,BEG,1739,SPU,1206,BEG,20.3090991974,44.8184013367,SPU,16.2980003356933,43.5388984680175
17044,23548,THR,2131,RZR,2151,THR,51.3134002685546,35.6892013549804,RZR,50.6795997619628,36.9099006652832
11853,15325,DAC,3076,SIN,3316,DAC,90.397783,23.843347,SIN,103.994003,1.35019
30125,50817,EVN,3964,SVO,2985,EVN,44.3959007263,40.1473007202,SVO,37.4146,55.972599
33658,60744,CCS,2851,SVZ,2858,CCS,-66.9905853271,10.6031169891,SVZ,-72.439697265625,7.84082984924316
29705,49420,COK,3136,MLE,3156,COK,76.4019012451,10.1520004272,MLE,73.5290985107421,4.19183015823364
25343,37936,LUX,629,VAR,1196,LUX,6.2044444,49.6233333,VAR,27.8251,43.232101
35450,65763,LAP,1816,TIJ,1847,LAP,-110.361999512,24.0727005004999,TIJ,-116.970001220703,32.5410995483398
14812,19972,ZNZ,1186,FRA,340,ZNZ,39.224899292,-6.22202014922999,FRA,8.5705556,50.0333333
4285,5057,CVG,3488,DFW,3670,CVG,-84.6678009033,39.0488014221,DFW,-97.0380020141601,32.896800994873
7544,8659,GVR,6735,PLU,2528,GVR,-41.982200622559,-18.89520072937,PLU,-43.9505996704101,-19.8512001037597
524,565,DME,4029,EGO,6156,DME,37.9062995910644,55.4087982177734,EGO,36.5900993347168,50.643798828125
29619,48951,VNX,990,JNB,813,VNX,35.3133010864257,-22.0184001922607,JNB,28.246,-26.1392
12177,15754,LED,2948,RIX,3953,LED,30.2625007629394,59.8003005981445,RIX,23.9710998535156,56.923599243164
5011,5812,LHR,507,BCN,1218,LHR,-0.461941,51.4706,BCN,2.0784599781036,41.297100067139
12431,16112,CGO,3375,PEK,3364,CGO,113.841003418,34.5196990966999,PEK,116.584999084472,40.0801010131835
28368,45706,USM,3177,CNX,3931,USM,100.06199646,9.54778957366999,CNX,98.962600708,18.7667999267999
4783,5577,ISP,3857,DCA,3520,ISP,-73.10019684,40.79520035,DCA,-77.037697,38.8521
8472,9735,MRS,1353,AMS,580,MRS,5.22142410278,43.439271922,AMS,4.76388978957999,52.3086013794
6223,7061,BCN,1218,VIE,1613,BCN,2.0784599781036,41.297100067139,VIE,16.569700241089,48.110298156738
684,730,DSN,6434,SHE,4144,DSN,109.861388889,39.49,SHE,123.483001708984,41.6398010253906
14791,19946,SXF,337,KGS,1458,SXF,13.522500038147,52.380001068115,KGS,27.0916996002197,36.7933006286621
27959,44851,SPU,1206,FCO,1555,SPU,16.2980003356933,43.5388984680175,FCO,12.2388889,41.8002778
29058,47277,EVN,3964,ATH,3941,EVN,44.3959007263,40.1473007202,ATH,23.9444999695,37.9364013672
27931,44802,DBV,1200,CDG,1382,DBV,18.2681999206542,42.5614013671875,CDG,2.54999995232,49.0127983093
26128,39470,PFO,1198,NCL,521,PFO,32.4856986999511,34.7179985046386,NCL,-1.69166994094848,55.037498474121
9529,11324,PMO,1512,TRN,1526,PMO,13.091,38.175999,TRN,7.64963,45.200802
4444,5218,DFW,3670,GDL,1804,DFW,-97.0380020141601,32.896800994873,GDL,-103.310997009277,20.5217990875244
23181,32513,HAJ,352,AGP,1230,HAJ,9.68507957458,52.461101532,AGP,-4.49911022186279,36.6749000549316
19561,27042,KRK,669,NYO,699,KRK,19.7847995758056,50.0777015686035,NYO,16.9122009277343,58.7886009216308
19208,26673,EDI,535,MRS,1353,EDI,-3.37249994277954,55.9500007629394,MRS,5.22142410278,43.439271922
11371,14446,BLL,608,ZRH,1678,BLL,9.15178012848,55.7402992249,ZRH,8.5491695404053,47.464698791504
21735,29632,DPS,3940,KOE,3916,DPS,115.16699981689,-8.7481698989868,KOE,123.670997619628,-10.1716003417968
20899,28513,SKP,1737,DXB,2188,SKP,21.621401,41.961601,DXB,55.3643989563,25.2527999878
11537,14846,NCE,1354,LCY,503,NCE,7.21586990356,43.6584014893,LCY,0.055278,51.505299
2628,3006,LUR,3413,OTZ,3693,LUR,-166.1100006,68.87509918,OTZ,-162.598999,66.88469696
19069,26506,CRL,304,KRK,669,CRL,4.45382022858,50.4592018126999,KRK,19.7847995758056,50.0777015686035
122,130,ARN,737,GEV,715,ARN,17.918600082397,59.651901245117,GEV,20.8145999908447,67.1324005126953
11490,14689,LHR,507,CTU,3395,LHR,-0.461941,51.4706,CTU,103.946998596191,30.5785007476806
15230,20832,HNL,3728,FUK,2305,HNL,-157.921997070312,21.3187007904052,FUK,130.45100402832,33.5858993530273
32633,56512,GRR,3685,DEN,3751,GRR,-85.52279663,42.88079834,DEN,-104.672996521,39.861698150635
22085,30170,CGD,6352,HAK,4120,CGD,111.63999939,28.9188995361,HAK,110.458999633789,19.9349002838134
16109,22337,BGO,636,SXF,337,BGO,5.218140125,60.29339981,SXF,13.522500038147,52.380001068115
10856,13792,BEG,1739,BUD,1489,BEG,20.3090991974,44.8184013367,BUD,19.2555999755999,47.4369010924999
22566,31301,HET,6345,HRB,3400,HET,111.823997498,40.851398468,HRB,126.25,45.6234016418457
25198,37625,CUN,1852,LIM,2789,CUN,-86.8770980835,21.0365009308,LIM,-77.114304,-12.0219
6412,7310,HAM,342,SZG,1612,HAM,9.9882297515869,53.630401611328,SZG,13.0043001175,47.7933006286999
2090,2242,GAU,6173,IXA,3038,GAU,91.5858993530273,26.1061000823974,IXA,91.2404022217,23.8869991302
10513,13053,AUH,2179,CTU,3395,AUH,54.6511001586914,24.4330005645751,CTU,103.946998596191,30.5785007476806
34474,62999,TRF,664,BEG,1739,TRF,10.258600235,59.1866989136,BEG,20.3090991974,44.8184013367
7570,8687,JPR,6073,CGB,2548,JPR,-61.8465003967,-10.8708000182999,CGB,-56.1166992188,-15.6528997421
3031,3540,SZX,3374,SJW,6347,SZX,113.810997009277,22.6392993927001,SJW,114.696998596191,38.2807006835937
30791,52252,AQJ,2172,IST,1701,AQJ,35.0181007385253,29.6116008758544,IST,28.8145999907999,40.9768981934
6827,7835,BOS,3448,YYZ,193,BOS,-71.00520325,42.36429977,YYZ,-79.6305999755999,43.6772003174
20421,27963,STN,548,SXF,337,STN,0.234999999404,51.8849983215,SXF,13.522500038147,52.380001068115
15964,22171,UKK,6086,TSE,2910,UKK,82.4942016601562,50.0365982055664,TSE,71.4669036865234,51.0222015380859
21387,29151,ROA,4016,SFB,4167,ROA,-79.975402832,37.3255004882999,SFB,-81.2375030517578,28.7775993347167
26577,40779,SBW,3267,BTU,3262,SBW,111.985000610351,2.2616000175476,BTU,113.019996643,3.12385010719
31207,53164,JMK,1468,LGW,502,JMK,25.3481006622314,37.4351005554199,LGW,-0.190277993679046,51.1481018066406
17506,24377,DEN,3751,IAH,3550,DEN,-104.672996521,39.861698150635,IAH,-95.3414001464843,29.9843997955322
5829,6651,RDU,3626,LAX,3484,RDU,-78.7874984741211,35.8776016235351,LAX,-118.4079971,33.94250107
29376,48468,AER,2965,DME,4029,AER,39.956600189209,43.449901580811,DME,37.9062995910644,55.4087982177734
3608,4342,GVA,1665,OPO,1636,GVA,6.10895013809204,46.2380981445312,OPO,-8.68138980865,41.2481002808
25846,38989,SOY,5568,NDY,5569,SOY,-2.64139008522,59.1553001404,NDY,-2.57666993141174,59.2503013610839
10531,13081,BDS,1506,LIN,1529,BDS,17.947001,40.6576,LIN,9.27674,45.445099
10766,13594,ORN,231,FCO,1555,ORN,-0.621182978152999,35.6239013672,FCO,12.2388889,41.8002778
6455,7368,KGS,1458,HAM,342,KGS,27.0916996002197,36.7933006286621,HAM,9.9882297515869,53.630401611328
8752,10070,ALG,210,ELU,5555,ALG,3.21540999412536,36.6910018920898,ELU,6.77679014206,33.5113983154
7230,8308,YWG,160,YYZ,193,YWG,-97.2398986816,49.9099998473999,YYZ,-79.6305999755999,43.6772003174
26342,39866,TLV,1590,BUD,1489,TLV,34.8866996765136,32.0113983154296,BUD,19.2555999755999,47.4369010924999
30619,51729,KZN,2990,DYU,2979,KZN,49.278701782227,55.606201171875,DYU,68.8249969482,38.5433006286999
14308,19146,SZX,3374,TXN,6387,SZX,113.810997009277,22.6392993927001,TXN,118.255996704101,29.733299255371
29841,49935,EWR,3494,ARN,737,EWR,-74.168701171875,40.6925010681152,ARN,17.918600082397,59.651901245117
30928,52548,IST,1701,JNB,813,IST,28.8145999907999,40.9768981934,JNB,28.246,-26.1392
4769,5563,ILM,3845,DCA,3520,ILM,-77.902603149414,34.2705993652343,DCA,-77.037697,38.8521
29804,49855,CPH,609,BKK,3885,CPH,12.656000137329,55.617900848389,BKK,100.747001647949,13.6810998916625
8510,9781,NAP,1561,CDG,1382,NAP,14.2908,40.886002,CDG,2.54999995232,49.0127983093
31005,52670,JNB,813,IST,1701,JNB,28.246,-26.1392,IST,28.8145999907999,40.9768981934
19805,27307,MLA,1606,DUB,599,MLA,14.4775,35.857498,DUB,-6.27007007598876,53.4212989807128
33475,58361,VKO,2988,AER,2965,VKO,37.2615013123,55.5914993286,AER,39.956600189209,43.449901580811
7825,8962,TSA,2275,WNZ,6392,TSA,121.552001953125,25.0694007873535,WNZ,120.851997375488,27.9122009277343
34377,62878,MAD,1229,CLJ,1652,MAD,-3.56264,40.471926,CLJ,23.6861991882324,46.7851982116699
24489,35475,XSC,1755,PLS,1754,XSC,-71.528503418,21.5156993865999,PLS,-72.2658996582031,21.7735996246337
18563,25977,BCN,1218,LPA,1054,BCN,2.0784599781036,41.297100067139,LPA,-15.3865995407104,27.931900024414
12518,16272,DLC,3404,NKG,3388,DLC,121.539001464843,38.9656982421875,NKG,118.861999511718,31.7420005798339
3414,4073,DEL,3093,DMM,2064,DEL,77.1031036376953,28.566499710083,DMM,49.7979011535644,26.4712009429931
123,131,ARN,737,HAD,709,ARN,17.918600082397,59.651901245117,HAD,12.8201999664306,56.6911010742187
1460,1530,NUE,347,HAM,342,NUE,11.0780556,49.498699,HAM,9.9882297515869,53.630401611328
17456,24319,ATL,3682,TTN,3447,ATL,-84.4281005859375,33.6366996765136,TTN,-74.8134994506836,40.2766990661621
33870,61392,UIH,6193,SGN,3205,UIH,109.041999817,13.9549999237,SGN,106.652000427,10.8187999725
1885,2024,MVD,2816,ASU,2699,MVD,-56.0307998657226,-34.8384017944335,ASU,-57.5200004577636,-25.2399997711181
984,1044,DAC,3076,SPD,3073,DAC,90.397783,23.843347,SPD,88.9088973999023,25.759199142456
32257,55653,MRV,2962,DWC,8076,MRV,43.0819015502929,44.2251014709472,DWC,55.161389,24.896356
22651,31706,AMS,580,BRI,1501,AMS,4.76388978957999,52.3086013794,BRI,16.760599,41.138901
26882,41663,ICN,3930,NKG,3388,ICN,126.450996398925,37.4691009521484,NKG,118.861999511718,31.7420005798339
8396,9633,LCY,503,DUB,599,LCY,0.055278,51.505299,DUB,-6.27007007598876,53.4212989807128
21510,29295,KWE,3394,HZH,7508,KWE,106.801002502441,26.5384998321533,HZH,109.1499,26.32217
32300,55757,ABE,4355,ORD,3830,ABE,-75.440803527832,40.652099609375,ORD,-87.90480042,41.97859955
18117,25261,MDW,3747,IAD,3714,MDW,-87.7524032592773,41.7859992980957,IAD,-77.45580292,38.94449997
2941,3442,KIX,3992,PVG,3406,KIX,135.244003295898,34.4272994995117,PVG,121.805000305175,31.1434001922607
26161,39515,PRG,1587,VNO,3959,PRG,14.26,50.1008,VNO,25.2858009338378,54.6341018676757
7814,8951,TPE,2276,CSX,3371,TPE,121.233002,25.0777,CSX,113.220001221,28.1891994475999
2058,2208,DEL,3093,CCU,3043,DEL,77.1031036376953,28.566499710083,CCU,88.4467010498046,22.6546993255615
2653,3089,HFE,3389,LJG,4033,HFE,117.297996520996,31.7800006866455,LJG,100.246002197,26.6800003052
27865,44655,SPU,1206,VIE,1613,SPU,16.2980003356933,43.5388984680175,VIE,16.569700241089,48.110298156738
11823,15271,SOU,495,EDI,535,SOU,-1.35679996013641,50.9502983093261,EDI,-3.37249994277954,55.9500007629394
20413,27954,STN,548,RZE,675,STN,0.234999999404,51.8849983215,RZE,22.0189990997,50.1100006104
17117,23653,ADD,1107,GMB,1113,ADD,38.7993011474999,8.97789001465,GMB,34.5630989074707,8.12876033782959
18327,25620,JXA,8417,TAO,3390,JXA,131.193,45.293,TAO,120.374000549,36.2661018372
17257,23854,LFW,298,CKY,4162,LFW,1.25451004505157,6.16560983657836,CKY,-13.612,9.57689
72,80,TPP,2806,PCL,2781,TPP,-76.3731994628906,-6.5087399482727,PCL,-74.5743026733398,-8.37794017791748
1229,1297,CGN,344,KVA,1462,CGN,7.1427397728,50.8658981323,KVA,24.6191997528076,40.9132995605468
6351,7235,FNC,4091,DUS,345,FNC,-16.774499893188,32.697898864746,DUS,6.76677989959716,51.2895011901855
28401,45761,DEL,3093,KHI,2206,DEL,77.1031036376953,28.566499710083,KHI,67.160797,24.9065
35214,64990,FCO,1555,LWO,2945,FCO,12.2388889,41.8002778,LWO,23.9561004638671,49.8125
17686,24610,DMK,3157,HAN,3199,DMK,100.607002258,13.9125995636,HAN,105.806999206542,21.2212009429931
6398,7284,HAJ,352,JER,499,HAJ,9.68507957458,52.461101532,JER,-2.19550991058349,49.2079010009765
25569,38432,IAD,3714,BRU,302,IAD,-77.45580292,38.94449997,BRU,4.48443984985,50.9014015198
9523,11318,NAP,1561,LIN,1529,NAP,14.2908,40.886002,LIN,9.27674,45.445099
21463,29227,XNA,4356,LAS,3877,XNA,-94.306801,36.281898,LAS,-115.1520004,36.08010101
1988,2134,BLR,3131,AMD,2994,BLR,77.706299,13.1979,AMD,72.6346969603999,23.0771999359
26897,41735,KHN,3384,WUH,3376,KHN,115.900001525878,28.8649997711181,WUH,114.208000183105,30.783800125122
10120,12296,AXM,2705,BOG,2709,AXM,-75.7664,4.45278,BOG,-74.1469,4.70159
10593,13284,FCO,1555,CAI,1128,FCO,12.2388889,41.8002778,CAI,31.4055995941162,30.1219005584716
2100,2267,IMF,3050,CCU,3043,IMF,93.896697998,24.7600002289,CCU,88.4467010498046,22.6546993255615
9295,10947,CUU,1797,MTY,1825,CUU,-105.964996338,28.7028999329,MTY,-100.107002258,25.7784996033
17057,23567,CLO,2715,ESM,6047,CLO,-76.3816,3.54322,ESM,-79.6266021728515,0.978519022464752
5297,6111,MIA,3576,SXM,2899,MIA,-80.2906036376953,25.7931995391845,SXM,-63.1088981628,18.0410003662
32447,56064,DAY,3627,CLE,3486,DAY,-84.2193984985351,39.9024009704589,CLE,-81.8498001099,41.4117012024
3037,3547,XIY,3379,SHA,3391,XIY,108.751998901367,34.4471015930175,SHA,121.335998535156,31.1979007720947
31040,52728,MLX,1692,ESB,1682,MLX,38.253899,38.353699,ESB,32.995098114,40.1281013488999
504,545,NDR,5673,PMI,3998,NDR,-3.0282099247,34.9888000487999,PMI,2.73881006241,39.551700592
27806,44515,INU,4076,BNE,3320,INU,166.919006,-0.547458,BNE,153.117004394531,-27.384199142456
4586,5368,DTW,3645,PHX,3462,DTW,-83.353401184082,42.2123985290527,PHX,-112.012001037597,33.4342994689941
24093,34775,NRT,2279,VVO,2934,NRT,140.386001587,35.7647018433,VVO,132.147994995117,43.398998260498
21260,29019,LAS,3877,HNL,3728,LAS,-115.1520004,36.08010101,HNL,-157.921997070312,21.3187007904052
13189,17153,WUX,6390,XIY,3379,WUX,120.429000854,31.4944000243999,XIY,108.751998901367,34.4471015930175
11553,14881,POS,2902,UVF,2894,POS,-61.3372001647949,10.5953998565673,UVF,-60.952599,13.7332
13368,17367,POM,5,TBG,5434,POM,147.220001220703,-9.44338035583496,TBG,141.225997924804,-5.27861022949218
10279,12518,SAL,1892,JFK,3797,SAL,-89.055702,13.4409,JFK,-73.77890015,40.63980103
25902,39128,VIE,1613,KRK,669,VIE,16.569700241089,48.110298156738,KRK,19.7847995758056,50.0777015686035
29165,47781,KHV,2927,YKS,2923,KHV,135.18800354004,48.52799987793,YKS,129.77099609375,62.0932998657226
26998,42099,PVG,3406,DAX,6397,PVG,121.805000305175,31.1434001922607,DAX,107.4295,31.1302
22170,30321,KWL,3372,HAK,4120,KWL,110.039001464843,25.2180995941162,HAK,110.458999633789,19.9349002838134
23270,32750,MAD,1229,VCE,1551,MAD,-3.56264,40.471926,VCE,12.3519,45.505299
1080,1144,MEX,1824,TGZ,1846,MEX,-99.072098,19.4363,TGZ,-93.0224990845,16.5636005402
10421,12760,KIX,3992,HEL,421,KIX,135.244003295898,34.4272994995117,HEL,24.963300704956,60.317199707031
21947,29930,IST,1701,BAH,2057,IST,28.8145999907999,40.9768981934,BAH,50.6335983276367,26.2707996368408
22993,32141,UUS,2933,CTS,2287,UUS,142.718002319335,46.8886985778808,CTS,141.692001342773,42.7751998901367
1629,1703,FAI,3832,MLY,7246,FAI,-147.8560028,64.81510162,MLY,-150.643997192,64.9975967406999
22238,30459,WNZ,6392,NNG,3373,WNZ,120.851997375488,27.9122009277343,NNG,108.171997070312,22.608299255371
21756,29656,IST,1701,SIN,3316,IST,28.8145999907999,40.9768981934,SIN,103.994003,1.35019
10804,13685,SVG,666,AMS,580,SVG,5.6377801895,58.876701354,AMS,4.76388978957999,52.3086013794
19853,27360,MRS,1353,STN,548,MRS,5.22142410278,43.439271922,STN,0.234999999404,51.8849983215
21301,29065,MSO,4216,AZA,6505,MSO,-114.0910034,46.91630173,AZA,-111.6549988,33.30780029
25389,38032,BOS,3448,FRA,340,BOS,-71.00520325,42.36429977,FRA,8.5705556,50.0333333
13523,17661,PTY,1871,BSB,2531,PTY,-79.3834991455,9.0713596344,BSB,-47.9208335876464,-15.8691673278808
20588,28141,TSF,1539,BRU,302,TSF,12.1944,45.648399,BRU,4.48443984985,50.9014015198
8967,10355,CCJ,3137,DXB,2188,CCJ,75.9552993774,11.1367998123,DXB,55.3643989563,25.2527999878
34783,63505,AUS,3673,TPA,3646,AUS,-97.6698989868164,30.1944999694824,TPA,-82.533203125,27.9755001068115
3764,4517,DCM,1285,AJA,1324,DCM,2.28918004035949,43.5563011169433,AJA,8.8029203414917,41.923599243164
18867,26298,BVA,1367,BZR,1360,BVA,2.11278009414672,49.4543991088867,BZR,3.35389995574951,43.323501586914
29491,48691,PEK,3364,UUD,2938,PEK,116.584999084472,40.0801010131835,UUD,107.438003540039,51.8078002929687
22755,31830,KGS,1458,AMS,580,KGS,27.0916996002197,36.7933006286621,AMS,4.76388978957999,52.3086013794
7036,8083,YEG,49,EWR,3494,YEG,-113.580001831,53.3097000122,EWR,-74.168701171875,40.6925010681152
5258,6071,MIA,3576,MGA,1863,MIA,-80.2906036376953,25.7931995391845,MGA,-86.1681976318359,12.1415004730224
17659,24574,SOF,1194,PRG,1587,SOF,23.4114360809326,42.6966934204101,PRG,14.26,50.1008
6201,7036,AMM,2170,VIE,1613,AMM,35.9931983948,31.7226009369,VIE,16.569700241089,48.110298156738
2219,2398,AKY,3235,RGN,3239,AKY,92.8725967407226,20.1326999664306,RGN,96.1332015991,16.9073009490999
2241,2426,RTW,4363,MRV,2962,RTW,46.0466995239257,51.5649986267089,MRV,43.0819015502929,44.2251014709472
12070,15618,CTU,3395,TPE,2276,CTU,103.946998596191,30.5785007476806,TPE,121.233002,25.0777
9857,11928,SEA,3577,FCA,4127,SEA,-122.30899810791,47.4490013122558,FCA,-114.255996704101,48.3105010986328
21182,28937,ELM,3946,PIE,3617,ELM,-76.8916015625,42.1599006652832,PIE,-82.68740082,27.91020012
18313,25566,TUS,3636,LAS,3877,TUS,-110.941001892089,32.1161003112793,LAS,-115.1520004,36.08010101
4996,5796,LGB,3582,SEA,3577,LGB,-118.1520004,33.81769943,SEA,-122.30899810791,47.4490013122558
5757,6578,PHX,3462,SJD,1840,PHX,-112.012001037597,33.4342994689941,SJD,-109.721000671386,23.1518001556396
30835,52357,ESB,1682,ADA,1685,ESB,32.995098114,40.1281013488999,ADA,35.2803993224999,36.9822006226
22954,32093,TAS,2983,MRV,2962,TAS,69.2811965942,41.257900238,MRV,43.0819015502929,44.2251014709472
2651,3087,HET,6345,TYN,3369,HET,111.823997498,40.851398468,TYN,112.62799835205,37.746898651123
29576,48857,JNB,813,HDS,811,JNB,28.246,-26.1392,HDS,31.0487003326,-24.3686008452999
10220,12433,LET,2728,BOG,2709,LET,-69.9432,-4.19355,BOG,-74.1469,4.70159
5347,6163,MYR,3515,PHL,3752,MYR,-78.9282989502,33.6796989441,PHL,-75.241096496582,39.871898651123
19157,26613,DUB,599,LPL,491,DUB,-6.27007007598876,53.4212989807128,LPL,-2.8497200012207,53.3335990905761
6810,7815,ATL,3682,DEN,3751,ATL,-84.4281005859375,33.6366996765136,DEN,-104.672996521,39.861698150635
31144,52958,UEL,986,MPM,979,UEL,36.86909866333,-17.8554992675781,MPM,32.5726013183593,-25.920799255371
12358,16017,BSG,890,SSG,891,BSG,9.80568027496337,1.90547001361846,SSG,8.70872020721435,3.75527000427246
30857,52388,ESB,1682,VAN,1728,ESB,32.995098114,40.1281013488999,VAN,43.3322982788085,38.4682006835937
15677,21779,SLC,3536,ABQ,4019,SLC,-111.977996826171,40.7883987426757,ABQ,-106.609001159667,35.0401992797851
21203,28959,FWA,4041,MYR,3515,FWA,-85.19509888,40.97850037,MYR,-78.9282989502,33.6796989441
17947,24991,CAK,4112,TPA,3646,CAK,-81.4421997070312,40.9160995483398,TPA,-82.533203125,27.9755001068115
7877,9019,ATL,3682,AGS,3658,ATL,-84.4281005859375,33.6366996765136,AGS,-81.9645004272461,33.3698997497558
34751,63370,YNA,94,ZKG,8217,YNA,-61.7891998291015,50.1899986267089,ZKG,-61.2658004761,50.1958007812
790,838,MIG,6400,LJG,4033,MIG,104.740997314453,31.4281005859375,LJG,100.246002197,26.6800003052
11579,14941,LRM,1759,SJU,2890,LRM,-68.9117965698242,18.4507007598876,SJU,-66.0018005371,18.4393997192
30430,51381,JED,2072,AZD,2164,JED,39.156502,21.6796,AZD,54.2765007019,31.9048995972
16863,23294,MEL,3339,AKL,2006,MEL,144.843002319335,-37.6733016967773,AKL,174.792007446,-37.0080986022999
17723,24670,PNH,3034,DMK,3157,PNH,104.844001770019,11.5466003417968,DMK,100.607002258,13.9125995636
34113,62546,LOS,273,ABV,260,LOS,3.3211600780487,6.57737016677856,ABV,7.26316976547241,9.00679016113281
21615,29491,SHJ,2191,HOF,2060,SHJ,55.5172004699707,25.3285999298095,HOF,49.4851989746093,25.2852993011474
9366,11066,MEX,1824,CVM,1798,MEX,-99.072098,19.4363,CVM,-98.9564971924,23.7033004761
24190,34943,CHC,2009,WLG,2042,CHC,172.531997680664,-43.4893989562988,WLG,174.804992676,-41.3272018433
33910,61525,PXU,6194,SGN,3205,PXU,108.016998291015,14.0045003890991,SGN,106.652000427,10.8187999725
26824,41460,CTU,3395,BKK,3885,CTU,103.946998596191,30.5785007476806,BKK,100.747001647949,13.6810998916625
32268,55675,OVB,4078,HRB,3400,OVB,82.650703430176,55.012599945068,HRB,126.25,45.6234016418457
6737,7733,VCE,1551,TXL,351,VCE,12.3519,45.505299,TXL,13.2876996994,52.5597000122
23240,32703,MAD,1229,LDE,1276,MAD,-3.56264,40.471926,LDE,-0.0064389999024569,43.1786994934082
9173,10746,KUL,3304,HAN,3199,KUL,101.70999908447,2.745579957962,HAN,105.806999206542,21.2212009429931
31243,53249,LYS,1335,HER,1452,LYS,5.0811111,45.7255556,HER,25.1802997589,35.3396987915
11079,14057,JFK,3797,BUR,3644,JFK,-73.77890015,40.63980103,BUR,-118.359001159667,34.200698852539
31623,54386,AGA,1064,LYS,1335,AGA,-9.41306972503662,30.3250007629394,LYS,5.0811111,45.7255556
6557,7499,NUE,347,IBZ,1225,NUE,11.0780556,49.498699,IBZ,1.37311995028999,38.8728981018
22709,31772,CPH,609,EIN,585,CPH,12.656000137329,55.617900848389,EIN,5.37452983856,51.4500999451
35666,66248,DHI,4188,KTM,3125,DHI,80.5819015502929,28.7532997131347,KTM,85.3591003417999,27.6965999603
240,257,UDI,2633,UBA,2635,UDI,-48.2252769470214,-18.8836116790771,UBA,-47.966110229492,-19.764722824097
31370,53732,LIS,1638,NCE,1354,LIS,-9.13591957092,38.7812995911,NCE,7.21586990356,43.6584014893
15437,21336,MSO,4216,SLC,3536,MSO,-114.0910034,46.91630173,SLC,-111.977996826171,40.7883987426757
18441,25838,AGP,1230,BRE,353,AGP,-4.49911022186279,36.6749000549316,BRE,8.78666973114,53.0475006104
11161,14166,MCO,3878,SYR,3745,MCO,-81.3089981079101,28.4293994903564,SYR,-76.1063003540039,43.1111984252929
28370,45709,USM,3177,KBV,3174,USM,100.06199646,9.54778957366999,KBV,98.9861984253,8.09912014008
5342,6158,MXP,1524,JFK,3797,MXP,8.72811,45.6306,JFK,-73.77890015,40.63980103
3339,3945,AUH,2179,CCJ,3137,AUH,54.6511001586914,24.4330005645751,CCJ,75.9552993774,11.1367998123
23538,33335,OMS,2958,DYU,2979,OMS,73.3105010986328,54.966999053955,DYU,68.8249969482,38.5433006286999
16786,23190,DXB,2188,KUL,3304,DXB,55.3643989563,25.2527999878,KUL,101.70999908447,2.745579957962
1664,1769,SJO,1885,GLF,1879,SJO,-84.2088012695312,9.99386024475097,GLF,-83.1821975708007,8.65400981903076
15035,20526,DAY,3627,DTW,3645,DAY,-84.2193984985351,39.9024009704589,DTW,-83.353401184082,42.2123985290527
26759,41270,HRE,1005,DAR,1177,HRE,31.0928001403808,-17.9318008422851,DAR,39.2025985717999,-6.87810993195
30975,52621,IST,1701,RIX,3953,IST,28.8145999907999,40.9768981934,RIX,23.9710998535156,56.923599243164
12614,16394,HKG,3077,PEK,3364,HKG,113.915000916,22.3089008331,PEK,116.584999084472,40.0801010131835
15416,21290,MGA,1863,ATL,3682,MGA,-86.1681976318359,12.1415004730224,ATL,-84.4281005859375,33.6366996765136
26464,40072,BEY,2177,OTP,1657,BEY,35.4883995056152,33.8208999633789,OTP,26.085,44.5711111
4784,5578,ISP,3857,PHL,3752,ISP,-73.10019684,40.79520035,PHL,-75.241096496582,39.871898651123
34050,61979,SLP,1842,MFE,3826,SLP,-100.930999756,22.2542991638,MFE,-98.23860168,26.17580032
1590,1660,TXL,351,PRN,1742,TXL,13.2876996994,52.5597000122,PRN,21.035801,42.5728
6597,7553,PMI,3998,INN,1610,PMI,2.73881006241,39.551700592,INN,11.344,47.260201
35337,65386,ZQW,393,FUE,1051,ZQW,7.40055990219116,49.2094001770019,FUE,-13.8638000488281,28.4526996612548
6359,7243,FRA,340,AUH,2179,FRA,8.5705556,50.0333333,AUH,54.6511001586914,24.4330005645751
12471,16179,CTS,2287,PEK,3364,CTS,141.692001342773,42.7751998901367,PEK,116.584999084472,40.0801010131835
19099,26536,CRL,304,TGD,1741,CRL,4.45382022858,50.4592018126999,TGD,19.2518997192382,42.3594017028808
28859,46654,NAS,1953,FPO,1948,NAS,-77.4662017821999,25.0389995575,FPO,-78.695602417,26.5587005615
21461,29225,TYS,3676,PIE,3617,TYS,-83.9940033,35.81100082,PIE,-82.68740082,27.91020012
2698,3148,LJG,4033,WUH,3376,LJG,100.246002197,26.6800003052,WUH,114.208000183105,30.783800125122
12829,16683,PEK,3364,CGO,3375,PEK,116.584999084472,40.0801010131835,CGO,113.841003418,34.5196990966999
18396,25788,SAH,3980,GXF,5954,SAH,44.2196998596191,15.4763002395629,GXF,48.7882995604999,15.9660997391
5387,6204,OAK,3453,OGG,3456,OAK,-122.221000671386,37.7212982177734,OGG,-156.429992675781,20.8985996246337
27537,43780,BKK,3885,MFM,3121,BKK,100.747001647949,13.6810998916625,MFM,113.592002868652,22.1495990753173
17630,24532,TTN,3447,TPA,3646,TTN,-74.8134994506836,40.2766990661621,TPA,-82.533203125,27.9755001068115
9657,11473,JUJ,2477,AEP,2442,JUJ,-65.0978012085,-24.3927993774,AEP,-58.4156,-34.5592
5195,6005,MIA,3576,BCN,1218,MIA,-80.2906036376953,25.7931995391845,BCN,2.0784599781036,41.297100067139
17622,24524,TTN,3447,CVG,3488,TTN,-74.8134994506836,40.2766990661621,CVG,-84.6678009033,39.0488014221
19226,26691,EIN,585,BDS,1506,EIN,5.37452983856,51.4500999451,BDS,17.947001,40.6576
15892,22093,AKX,2920,ALA,2908,AKX,57.2066993713378,50.2458000183105,ALA,77.0404968261718,43.3521003723144
29818,49879,CPH,609,LBA,517,CPH,12.656000137329,55.617900848389,LBA,-1.66057002544403,53.8658981323242
1459,1529,NUE,347,DUS,345,NUE,11.0780556,49.498699,DUS,6.76677989959716,51.2895011901855
18737,26162,BOH,494,FAO,1626,BOH,-1.84249997138977,50.7799987792968,FAO,-7.96590995789,37.0144004822
9116,10686,BTU,3262,KCH,3263,BTU,113.019996643,3.12385010719,KCH,110.34700012207,1.48469996452331
27277,43074,MYJ,2333,ICN,3930,MYJ,132.699996948242,33.8272018432617,ICN,126.450996398925,37.4691009521484
19244,26709,EIN,585,OPO,1636,EIN,5.37452983856,51.4500999451,OPO,-8.68138980865,41.2481002808
27099,42605,JHM,3796,KOA,3514,JHM,-156.67300415039,20.9629001617431,KOA,-156.046005249023,19.7388000488281
35077,64644,PSP,3839,YEG,49,PSP,-116.507003784179,33.8297004699707,YEG,-113.580001831,53.3097000122
35403,65630,JED,2072,HTY,7453,JED,39.156502,21.6796,HTY,36.2822227478,36.36277771
3648,4385,KSJ,1461,JSH,1480,KSJ,26.9099998473999,35.4213981628,JSH,26.1012992858886,35.2160987854003
5185,5994,MGM,4115,DFW,3670,MGM,-86.39399719,32.30059814,DFW,-97.0380020141601,32.896800994873
903,958,XIY,3379,LYI,6385,XIY,108.751998901367,34.4471015930175,LYI,118.412002563476,35.046100616455
6679,7658,TFS,1056,TXL,351,TFS,-16.5725002289,28.044500351,TXL,13.2876996994,52.5597000122
6387,7273,GRZ,1609,HER,1452,GRZ,15.4395999908447,46.9911003112793,HER,25.1802997589,35.3396987915
15811,21999,COO,245,DKR,1084,COO,2.38435006141662,6.3572301864624,DKR,-17.4902000427246,14.7397003173828
23995,34552,HIJ,2326,HND,2359,HIJ,132.919006348,34.4361000061,HND,139.779999,35.552299
9087,10650,TRV,3153,MLE,3156,TRV,76.9200973511,8.48211956024,MLE,73.5290985107421,4.19183015823364
33935,61603,WNZ,6392,DAD,3196,WNZ,120.851997375488,27.9122009277343,DAD,108.198997497558,16.0438995361328
15459,21361,MSP,3858,CID,4043,MSP,-93.2218017578,44.8819999694999,CID,-91.7108001708984,41.8847007751464
21357,29121,PIE,3617,MDT,3542,PIE,-82.68740082,27.91020012,MDT,-76.7633972168,40.1935005188
15455,21355,MSP,3858,BOS,3448,MSP,-93.2218017578,44.8819999694999,BOS,-71.00520325,42.36429977
12638,16424,HYN,6384,PEK,3364,HYN,121.429000854492,28.5622005462646,PEK,116.584999084472,40.0801010131835
10105,12277,TNG,1080,MAD,1229,TNG,-5.91689014435,35.7268981934,MAD,-3.56264,40.471926
34411,62923,OTP,1657,MXP,1524,OTP,26.085,44.5711111,MXP,8.72811,45.6306
28590,46184,MNL,2397,GUM,2246,MNL,121.019997,14.5086,GUM,144.796005249,13.4834003448
19447,26925,GSE,691,ALC,1212,GSE,11.8704004287719,57.7747001647949,ALC,-0.558156013488769,38.2821998596191
12627,16407,HRB,3400,CAN,3370,HRB,126.25,45.6234016418457,CAN,113.299003601074,23.3924007415771
4140,4911,CLT,3876,CHS,3806,CLT,-80.9430999755859,35.2140007019043,CHS,-80.04049683,32.89860153
29541,48788,CPT,797,UTN,865,CPT,18.6016998291,-33.9648017883,UTN,21.2602005004999,-28.39909935
32920,56962,LAX,3484,COS,3819,LAX,-118.4079971,33.94250107,COS,-104.70099639893,38.805801391602
30394,51317,DMM,2064,MAA,3144,DMM,49.7979011535644,26.4712009429931,MAA,80.1692962646484,12.990005493164
6276,7135,DRS,338,AYT,1688,DRS,13.7672004699707,51.1328010559082,AYT,30.800501,36.898701
25065,37256,NBO,4059,BKO,1044,NBO,36.9277992249,-1.31923997402,BKO,-7.94994020462036,12.5334997177124
14807,19966,XRY,1226,HAM,342,XRY,-6.06011009216308,36.7445983886718,HAM,9.9882297515869,53.630401611328
33633,60643,MAD,1229,MVD,2816,MAD,-3.56264,40.471926,MVD,-56.0307998657226,-34.8384017944335
30226,51015,ROV,2964,AYT,1688,ROV,39.8180999756,47.2582015991,AYT,30.800501,36.898701
2877,3339,IST,1701,BEN,1154,IST,28.8145999907999,40.9768981934,BEN,20.2695007324,32.0968017577999
25290,37878,FRA,340,LUX,629,FRA,8.5705556,50.0333333,LUX,6.2044444,49.6233333
14963,20373,BUF,3820,LGA,3697,BUF,-78.73220062,42.94049835,LGA,-73.87259674,40.77719879
1002,1064,JFK,3797,EZE,3988,JFK,-73.77890015,40.63980103,EZE,-58.5358,-34.8222
3863,4621,SXB,1435,LIL,1399,SXB,7.62823009490966,48.5382995605468,LIL,3.086886,50.563332
21133,28887,AZA,6505,MOT,3498,AZA,-111.6549988,33.30780029,MOT,-101.279998779296,48.2593994140625
32966,57106,MDT,3542,IAD,3714,MDT,-76.7633972168,40.1935005188,IAD,-77.45580292,38.94449997
20244,27778,RYG,657,RZE,675,RYG,10.785439,59.378817,RZE,22.0189990997,50.1100006104
17030,23524,TBZ,2162,SYZ,2157,TBZ,46.2350006103515,38.1338996887207,SYZ,52.58980178833,29.5391998291015
33632,60640,MAD,1229,LRM,1759,MAD,-3.56264,40.471926,LRM,-68.9117965698242,18.4507007598876
24557,35577,PNH,3034,REP,3035,PNH,104.844001770019,11.5466003417968,REP,103.81300354,13.4106998444
5143,5951,MCI,3458,PHX,3462,MCI,-94.713898,39.2976,PHX,-112.012001037597,33.4342994689941
28191,45445,DUS,345,ESB,1682,DUS,6.76677989959716,51.2895011901855,ESB,32.995098114,40.1281013488999
14107,18702,KMG,3382,FOC,3385,KMG,102.9291667,25.1019444,FOC,119.66300201416,25.9351005554199
32022,55167,MLA,1606,BFS,465,MLA,14.4775,35.857498,BFS,-6.21582984923999,54.6575012207
6280,7141,DRS,338,RHO,1472,DRS,13.7672004699707,51.1328010559082,RHO,28.0862007141113,36.4053993225097
28681,46366,TFS,1056,KBP,2939,TFS,-16.5725002289,28.044500351,KBP,30.8946990966796,50.3450012207031
10497,12947,AMS,580,LBA,517,AMS,4.76388978957999,52.3086013794,LBA,-1.66057002544403,53.8658981323242
11841,15300,GTE,6270,CNS,3322,GTE,136.460006714,-13.9750003815,CNS,145.755004883,-16.885799408
6685,7664,TXL,351,ACE,1055,TXL,13.2876996994,52.5597000122,ACE,-13.6051998138427,28.945499420166
2428,2721,RBY,6722,GAL,3764,RBY,-155.4700012,64.72720337,GAL,-156.9369965,64.73619843
25726,38747,RUH,2082,MUC,346,RUH,46.6987991333007,24.9575996398925,MUC,11.786100387573,48.353801727295
6743,7739,VIE,1613,CDG,1382,VIE,16.569700241089,48.110298156738,CDG,2.54999995232,49.0127983093
1847,1985,ZAM,2404,CEB,4206,ZAM,122.059997558593,6.92242002487182,CEB,123.97899627686,10.307499885559
22258,30502,YIW,6394,JJN,6386,YIW,120.031997681,29.3446998596,JJN,118.589996,24.7964
22884,32015,KBP,2939,TAS,2983,KBP,30.8946990966796,50.3450012207031,TAS,69.2811965942,41.257900238
5586,6405,PHL,3752,AUS,3673,PHL,-75.241096496582,39.871898651123,AUS,-97.6698989868164,30.1944999694824
28391,45750,CDG,1382,ISB,2223,CDG,2.54999995232,49.0127983093,ISB,73.0991973876953,33.61669921875
34838,63669,DAL,3502,ABQ,4019,DAL,-96.8517990112304,32.8470993041992,ABQ,-106.609001159667,35.0401992797851
31342,53647,EWR,3494,OPO,1636,EWR,-74.168701171875,40.6925010681152,OPO,-8.68138980865,41.2481002808
33304,57957,GAE,291,TOE,296,GAE,10.1033000946044,33.8768997192382,TOE,8.11056041717529,33.9397010803222
24401,35362,BEG,1739,ZRH,1678,BEG,20.3090991974,44.8184013367,ZRH,8.5491695404053,47.464698791504
11232,14263,SJU,2890,SXM,2899,SJU,-66.0018005371,18.4393997192,SXM,-63.1088981628,18.0410003662
16613,22969,FUE,1051,DUB,599,FUE,-13.8638000488281,28.4526996612548,DUB,-6.27007007598876,53.4212989807128
25514,38317,FRA,340,MIA,3576,FRA,8.5705556,50.0333333,MIA,-80.2906036376953,25.7931995391845
22100,30204,DAT,6344,SHE,4144,DAT,113.482002,40.060299,SHE,123.483001708984,41.6398010253906
34405,62914,OTP,1657,CTA,1509,OTP,26.085,44.5711111,CTA,15.0664,37.466801
1645,1737,KPN,7201,CYF,6960,KPN,-164.031005859,59.9329986571999,CYF,-164.285995483,60.1492004395
13771,18079,BAV,6346,WUH,3376,BAV,109.997001647949,40.560001373291,WUH,114.208000183105,30.783800125122
24321,35195,JOG,3898,SUB,3928,JOG,110.431999206542,-7.78817987442016,SUB,112.787002563476,-7.37982988357543
31328,53515,GLA,534,FNC,4091,GLA,-4.43306016922,55.8718986511,FNC,-16.774499893188,32.697898864746
8702,10010,TUS,3636,ATL,3682,TUS,-110.941001892089,32.1161003112793,ATL,-84.4281005859375,33.6366996765136
7071,8120,YHZ,73,YYT,189,YHZ,-63.5085983276,44.8807983398,YYT,-52.7518997192,47.618598938
33766,60932,VCE,1551,OLB,1520,VCE,12.3519,45.505299,OLB,9.51763,40.898701
13291,17279,ZUH,6355,NNG,3373,ZUH,113.375999,22.006399,NNG,108.171997070312,22.608299255371
19114,26553,CTA,1509,MAD,1229,CTA,15.0664,37.466801,MAD,-3.56264,40.471926
34862,63784,EYW,3875,MSY,3861,EYW,-81.7595977783203,24.5561008453369,MSY,-90.2580032348632,29.9934005737304
35209,64985,BGY,1525,LWO,2945,BGY,9.70417,45.673901,LWO,23.9561004638671,49.8125
17399,24220,MLE,3156,HRI,8949,MLE,73.5290985107421,4.19183015823364,HRI,81.124128,6.284467
22349,30645,HNL,3728,SDJ,2347,HNL,-157.921997070312,21.3187007904052,SDJ,140.917007446,38.1397018433
34015,61907,PPT,4075,XMH,1978,PPT,-149.606994629,-17.5536994934,XMH,-146.070007324218,-14.4368000030517
10934,13873,LKG,5693,WIL,1147,LKG,34.3482017517089,4.20412015914917,WIL,36.8148002624511,-1.32172000408172
7281,8371,YYJ,184,YYC,178,YYJ,-123.426002502,48.646900177,YYC,-114.019996643,51.113899231
8584,9865,OSL,644,CDG,1382,OSL,11.100399971008,60.193901062012,CDG,2.54999995232,49.0127983093
18345,25679,PVG,3406,YCU,6430,PVG,121.805000305175,31.1434001922607,YCU,111.031388889,35.116391
14661,19738,FRA,340,MRU,893,FRA,8.5705556,50.0333333,MRU,57.6836013793945,-20.4302005767822
24067,34703,MSJ,2346,HND,2359,MSJ,141.367996216,40.7032012938999,HND,139.779999,35.552299
6731,7725,TXL,351,TFS,1056,TXL,13.2876996994,52.5597000122,TFS,-16.5725002289,28.044500351
16715,23088,BNE,3320,LRE,6289,BNE,153.117004394531,-27.384199142456,LRE,144.279998779,-23.4342002869
7542,8657,GRU,2564,SDU,2612,GRU,-46.4730567932128,-23.4355564117431,SDU,-43.1631011963,-22.9104995727999
32030,55179,MXP,1524,AGP,1230,MXP,8.72811,45.6306,AGP,-4.49911022186279,36.6749000549316
30444,51411,JED,2072,IAD,3714,JED,39.156502,21.6796,IAD,-77.45580292,38.94449997
18215,25392,PHL,3752,ICT,3457,PHL,-75.241096496582,39.871898651123,ICT,-97.4330978393554,37.6498985290527
18022,25113,HOU,3566,PHX,3462,HOU,-95.27890015,29.64539909,PHX,-112.012001037597,33.4342994689941
12758,16589,MFM,3121,CGO,3375,MFM,113.592002868652,22.1495990753173,CGO,113.841003418,34.5196990966999
12864,16723,PEK,3364,HMI,6743,PEK,116.584999084472,40.0801010131835,HMI,93.6691970825,42.8414001465
828,880,SJW,6347,CTU,3395,SJW,114.696998596191,38.2807006835937,CTU,103.946998596191,30.5785007476806
12005,15550,ABZ,532,NWI,547,ABZ,-2.19777989387512,57.2019004821777,NWI,1.28278005123,52.6758003235
27203,42833,FUJ,2304,NGS,2313,FUJ,128.83299255371,32.6663017272949,NGS,129.914001465,32.9169006347999
21604,29479,SHJ,2191,DEL,3093,SHJ,55.5172004699707,25.3285999298095,DEL,77.1031036376953,28.566499710083
1996,2143,BLR,3131,JAI,3098,BLR,77.706299,13.1979,JAI,75.8122024536,26.8241996765
536,577,NVI,6485,DME,4029,NVI,65.1707992553711,40.1171989440918,DME,37.9062995910644,55.4087982177734
12950,16819,PUS,2372,HGH,3386,PUS,128.93800354,35.1795005798,HGH,120.43399810791,30.2294998168945
24788,36117,XIY,3379,ICN,3930,XIY,108.751998901367,34.4471015930175,ICN,126.450996398925,37.4691009521484
20957,28594,CGH,2618,PPB,2550,CGH,-46.6563873291015,-23.6261100769042,PPB,-51.4245986938,-22.1751003265
32019,55163,MAN,478,TLV,1590,MAN,-2.27495002746582,53.3536987304687,TLV,34.8866996765136,32.0113983154296
26683,41087,YTH,141,YFO,58,YTH,-97.8641967773437,55.8011016845703,YFO,-101.681999206542,54.6781005859375
34857,63769,ELP,3559,DAL,3502,ELP,-106.3779984,31.80719948,DAL,-96.8517990112304,32.8470993041992
23731,33713,TAI,3975,JED,2072,TAI,44.1390991210999,13.6859998703,JED,39.156502,21.6796
1587,1657,TXL,351,NCE,1354,TXL,13.2876996994,52.5597000122,NCE,7.21586990356,43.6584014893
34977,64230,ONT,3734,MDW,3747,ONT,-117.600997924804,34.0559997558593,MDW,-87.7524032592773,41.7859992980957
25164,37475,HYN,6384,CKG,3393,HYN,121.429000854492,28.5622005462646,CKG,106.641998291015,29.7192001342773
35588,66063,SLY,6137,TJM,4111,SLY,66.6110000610351,66.5907974243164,TJM,65.3243026733,57.1896018981999
20521,28069,TLL,415,MAN,478,TLL,24.8327999114999,59.4132995604999,MAN,-2.27495002746582,53.3536987304687
17572,24458,MCO,3878,TTN,3447,MCO,-81.3089981079101,28.4293994903564,TTN,-74.8134994506836,40.2766990661621
35807,67619,MQL,6298,BHQ,6241,MQL,142.085998535,-34.2291984557999,BHQ,141.472000122,-32.0013999939
22787,31870,RTM,591,ALC,1212,RTM,4.43722,51.956902,ALC,-0.558156013488769,38.2821998596191
21478,29244,CIF,6342,BAV,6346,CIF,118.907997131347,42.2350006103515,BAV,109.997001647949,40.560001373291
24011,34588,HND,2359,KMJ,2312,HND,139.779999,35.552299,KMJ,130.854995727539,32.8372993469238
26291,39769,ZRH,1678,HAV,1909,ZRH,8.5491695404053,47.464698791504,HAV,-82.4091033935546,22.989200592041
18082,25197,MCI,3458,MDW,3747,MCI,-94.713898,39.2976,MDW,-87.7524032592773,41.7859992980957
3364,3986,BOM,2997,CCJ,3137,BOM,72.8678970337,19.0886993408,CCJ,75.9552993774,11.1367998123
3268,3866,VVC,2756,PDA,6054,VVC,-73.6138,4.16787,PDA,-67.9062,3.85353
34638,63228,HOV,4345,OSL,644,HOV,6.0741000175476,62.180000305176,OSL,11.100399971008,60.193901062012
812,860,NNG,3373,WUH,3376,NNG,108.171997070312,22.608299255371,WUH,114.208000183105,30.783800125122
19347,26822,FMM,3986,CHQ,1474,FMM,10.2395000458,47.9888000487999,CHQ,24.1497001647949,35.5317001342773
18276,25512,SNA,3867,OAK,3453,SNA,-117.8679962,33.67570114,OAK,-122.221000671386,37.7212982177734
2580,2919,LED,2948,SKX,6166,LED,30.2625007629394,59.8003005981445,SKX,45.2122573852539,54.125129699707
21194,28950,FLL,3533,GSP,4034,FLL,-80.1527023315429,26.0725994110107,GSP,-82.2189025879,34.8956985474
34045,61944,AUS,3673,MEX,1824,AUS,-97.6698989868164,30.1944999694824,MEX,-99.072098,19.4363
10302,12549,SJO,1885,GUA,1767,SJO,-84.2088012695312,9.99386024475097,GUA,-90.5274963378906,14.5832996368408
9887,11977,SEA,3577,YYJ,184,SEA,-122.30899810791,47.4490013122558,YYJ,-123.426002502,48.646900177
9073,10618,RPR,3020,VTZ,3066,RPR,81.7388000488,21.1804008483999,VTZ,83.2245025635,17.721200943
25249,37799,SCL,2650,PUJ,1760,SCL,-70.7857971191406,-33.3930015563964,PUJ,-68.3634033203,18.5673999785999
7477,8590,CNF,2537,BEL,2526,CNF,-43.9719429016113,-19.6244430541992,BEL,-48.4762992859,-1.37925004959
4304,5076,DCA,3520,ALB,3864,DCA,-77.037697,38.8521,ALB,-73.8016967773437,42.7482986450195
26157,39509,VIE,1613,MAN,478,VIE,16.569700241089,48.110298156738,MAN,-2.27495002746582,53.3536987304687
18982,26419,CHQ,1474,VNO,3959,CHQ,24.1497001647949,35.5317001342773,VNO,25.2858009338378,54.6341018676757
26778,41302,LOS,273,CAI,1128,LOS,3.3211600780487,6.57737016677856,CAI,31.4055995941162,30.1219005584716
20387,27928,STN,548,NYO,699,STN,0.234999999404,51.8849983215,NYO,16.9122009277343,58.7886009216308
32879,56861,IAH,3550,YVR,156,IAH,-95.3414001464843,29.9843997955322,YVR,-123.183998108,49.193901062
1368,1437,HAM,342,BUD,1489,HAM,9.9882297515869,53.630401611328,BUD,19.2555999755999,47.4369010924999
15163,20711,EKO,5736,SLC,3536,EKO,-115.791999816894,40.8249015808105,SLC,-111.977996826171,40.7883987426757
19419,26896,GRO,1222,GRQ,586,GRO,2.7605500221,41.901000977,GRQ,6.57944011688,53.1197013855
25482,38260,FRA,340,EWR,3494,FRA,8.5705556,50.0333333,EWR,-74.168701171875,40.6925010681152
17132,23670,ADD,1107,LHR,507,ADD,38.7993011474999,8.97789001465,LHR,-0.461941,51.4706
31525,54156,MIR,286,MRS,1353,MIR,10.7546997070312,35.7580986022949,MRS,5.22142410278,43.439271922
15087,20614,DTW,3645,ESC,6800,DTW,-83.353401184082,42.2123985290527,ESC,-87.0936965942,45.7226982117
9631,11442,EZE,3988,FCO,1555,EZE,-58.5358,-34.8222,FCO,12.2388889,41.8002778
28000,44945,CAN,3370,PUS,2372,CAN,113.299003601074,23.3924007415771,PUS,128.93800354,35.1795005798
30852,52381,ESB,1682,KSY,5796,ESB,32.995098114,40.1281013488999,KSY,43.1150016784668,40.562198638916
11089,14069,JFK,3797,JNB,813,JFK,-73.77890015,40.63980103,JNB,28.246,-26.1392
34924,63930,LAS,3877,FNT,4089,LAS,-115.1520004,36.08010101,FNT,-83.7435989379882,42.9654006958007
30300,51123,SVO,2985,OMS,2958,SVO,37.4146,55.972599,OMS,73.3105010986328,54.966999053955
31837,54799,GVA,1665,BDS,1506,GVA,6.10895013809204,46.2380981445312,BDS,17.947001,40.6576
9490,11279,AMS,580,PMO,1512,AMS,4.76388978957999,52.3086013794,PMO,13.091,38.175999
22473,31060,CFU,1460,BRU,302,CFU,19.9116992950439,39.6018981933593,BRU,4.48443984985,50.9014015198
1597,1667,TXL,351,ZAD,1209,TXL,13.2876996994,52.5597000122,ZAD,15.3466997146606,44.108299255371
31247,53260,MAN,478,ADB,1706,MAN,-2.27495002746582,53.3536987304687,ADB,27.156999588,38.2924003601
9497,11287,CPH,609,VCE,1551,CPH,12.656000137329,55.617900848389,VCE,12.3519,45.505299
13634,17837,CGO,3375,HKG,3077,CGO,113.841003418,34.5196990966999,HKG,113.915000916,22.3089008331
13866,18219,CGK,3275,CAN,3370,CGK,106.65599823,-6.1255698204,CAN,113.299003601074,23.3924007415771
112,120,LPA,1054,ZRH,1678,LPA,-15.3865995407104,27.931900024414,ZRH,8.5491695404053,47.464698791504
2561,2897,DME,4029,SKX,6166,DME,37.9062995910644,55.4087982177734,SKX,45.2122573852539,54.125129699707
15642,21697,SAT,3621,JFK,3797,SAT,-98.4698028564453,29.5337009429931,JFK,-73.77890015,40.63980103
11384,14491,DME,4029,LHR,507,DME,37.9062995910644,55.4087982177734,LHR,-0.461941,51.4706
8305,9516,FCO,1555,MPL,1359,FCO,12.2388889,41.8002778,MPL,3.96301007270813,43.5761985778808
10264,12502,PTY,1871,BOG,2709,PTY,-79.3834991455,9.0713596344,BOG,-74.1469,4.70159
29921,50166,TRD,665,ARN,737,TRD,10.9239998,63.4578018,ARN,17.918600082397,59.651901245117
12707,16515,KMG,3382,TSN,3368,KMG,102.9291667,25.1019444,TSN,117.346000671,39.1244010924999
34836,63660,CMH,3759,LAS,3877,CMH,-82.8918991088867,39.9980010986328,LAS,-115.1520004,36.08010101
29164,47776,KHV,2927,DYR,6098,KHV,135.18800354004,48.52799987793,DYR,177.740997314453,64.7349014282226
7675,8801,SDU,2612,GYN,2562,SDU,-43.1631011963,-22.9104995727999,GYN,-49.2206993103027,-16.6319999694824
15723,21836,SLC,3536,OMA,3454,SLC,-111.977996826171,40.7883987426757,OMA,-95.8940963745117,41.3031997680664
26781,41307,LXR,1132,LHR,507,LXR,32.7066001891999,25.670999527,LHR,-0.461941,51.4706
3413,4072,DEL,3093,DED,3092,DEL,77.1031036376953,28.566499710083,DED,78.1802978515999,30.189699173
30824,52330,DLA,897,IST,1701,DLA,9.71947956084999,4.0060801506,IST,28.8145999907999,40.9768981934
23911,34134,AGT,4305,ASU,2699,AGT,-54.842682,-25.454516,ASU,-57.5200004577636,-25.2399997711181
22688,31750,AMS,580,ZTH,1488,AMS,4.76388978957999,52.3086013794,ZTH,20.8843002319335,37.7509002685546
24698,35900,HAN,3199,ICN,3930,HAN,105.806999206542,21.2212009429931,ICN,126.450996398925,37.4691009521484
11486,14664,LHR,507,AMM,2170,LHR,-0.461941,51.4706,AMM,35.9931983948,31.7226009369
5492,6310,ORD,3830,PHL,3752,ORD,-87.90480042,41.97859955,PHL,-75.241096496582,39.871898651123
27187,42746,ZGU,5906,TOH,5895,ZGU,167.587005615,-14.2180995940999,TOH,166.638000488,-13.3280000687
452,489,MSL,5756,ATL,3682,MSL,-87.61019897,34.74530029,ATL,-84.4281005859375,33.6366996765136
35069,64597,KOA,3514,YVR,156,KOA,-156.046005249023,19.7388000488281,YVR,-123.183998108,49.193901062
2145,2314,PAT,3061,DEL,3093,PAT,85.0879974365,25.591299057,DEL,77.1031036376953,28.566499710083
28047,45217,LUK,3681,MDW,3747,LUK,-84.41860199,39.10329819,MDW,-87.7524032592773,41.7859992980957
21270,29029,LAS,3877,PIA,4046,LAS,-115.1520004,36.08010101,PIA,-89.6932983398,40.6641998291
12398,16067,CAN,3370,JJN,6386,CAN,113.299003601074,23.3924007415771,JJN,118.589996,24.7964
27112,42655,AKL,2006,VLI,1997,AKL,174.792007446,-37.0080986022999,VLI,168.32000732422,-17.699300765991
20665,28219,WMI,8414,CIA,1553,WMI,20.6518001556,52.4510993958,CIA,12.5949,41.7994
4995,5795,LGB,3582,PHX,3462,LGB,-118.1520004,33.81769943,PHX,-112.012001037597,33.4342994689941
4331,5103,DCA,3520,ILM,3845,DCA,-77.037697,38.8521,ILM,-77.902603149414,34.2705993652343
11151,14156,MCO,3878,MBJ,1780,MCO,-81.3089981079101,28.4293994903564,MBJ,-77.9133987426757,18.5037002563476
912,967,XMN,3383,CZX,4109,XMN,118.12799835205,24.5440006256103,CZX,119.778999,31.919701
15985,22192,AAL,628,LGW,502,AAL,9.84924316406,57.0927589138,LGW,-0.190277993679046,51.1481018066406
3605,4339,FRA,340,HER,1452,FRA,8.5705556,50.0333333,HER,25.1802997589,35.3396987915
24310,35172,DPS,3940,MLG,3894,DPS,115.16699981689,-8.7481698989868,MLG,112.714996338,-7.92655992507999
30868,52412,GZP,8266,ESB,1682,GZP,32.3005981445,36.2992172241,ESB,32.995098114,40.1281013488999
1701,1806,BCD,2423,DVO,4090,BCD,123.014999,10.7764,DVO,125.646003723144,7.1255202293396
30073,50721,LGW,502,PRN,1742,LGW,-0.190277993679046,51.1481018066406,PRN,21.035801,42.5728
19771,27270,MAN,478,GDN,668,MAN,-2.27495002746582,53.3536987304687,GDN,18.4661998748779,54.3776016235351
23425,33077,RBV,5418,HIR,4074,RBV,157.643005371093,-8.16806030273437,HIR,160.05499267578,-9.4280004501343
26816,41425,CJU,2370,WNZ,6392,CJU,126.49299621582,33.5112991333007,WNZ,120.851997375488,27.9122009277343
1089,1153,MID,1819,MEX,1824,MID,-89.657699585,20.9370002746999,MEX,-99.072098,19.4363
27416,43473,LBE,5747,FLL,3533,LBE,-79.40480042,40.27590179,FLL,-80.1527023315429,26.0725994110107
33535,58466,MYG,1952,NAS,1953,MYG,-73.0134963988999,22.3794994354,NAS,-77.4662017821999,25.0389995575
5520,6338,ORD,3830,TPA,3646,ORD,-87.90480042,41.97859955,TPA,-82.533203125,27.9755001068115
7591,8710,MAO,2551,TFF,2624,MAO,-60.0497016906738,-3.03860998153686,TFF,-64.7240982056,-3.38294005394
32056,55228,NAP,1561,STN,548,NAP,14.2908,40.886002,STN,0.234999999404,51.8849983215
9232,10814,REP,3035,KUL,3304,REP,103.81300354,13.4106998444,KUL,101.70999908447,2.745579957962
466,505,TPA,3646,PBI,3722,TPA,-82.533203125,27.9755001068115,PBI,-80.0955963134765,26.6832008361816
27757,44432,OTP,1657,PRG,1587,OTP,26.085,44.5711111,PRG,14.26,50.1008
29672,49328,CDG,1382,BVC,1103,CDG,2.54999995232,49.0127983093,BVC,-22.8889007568359,16.1364994049072
230,247,RAO,2613,SJP,2619,RAO,-47.7766685485839,-21.1363887786865,SJP,-49.40650177,-20.8166007995999
10312,12561,TGU,1776,SAL,1892,TGU,-87.2172012329101,14.060899734497,SAL,-89.055702,13.4409
7453,8563,CGB,2548,AFL,2524,CGB,-56.1166992188,-15.6528997421,AFL,-56.1049995422,-9.8663892746
34544,63085,MYT,3224,MDL,3222,MYT,97.3518981933593,25.3836002349853,MDL,95.9778976440429,21.702199935913
6043,6871,SXM,2899,JFK,3797,SXM,-63.1088981628,18.0410003662,JFK,-73.77890015,40.63980103
29547,48796,DUR,799,BFN,794,DUR,31.1197222222,-29.6144444444,BFN,26.302400589,-29.0926990509
23822,33862,NJF,7490,KWI,2176,NJF,44.404317,31.989853,KWI,47.9688987731933,29.2266006469726
7181,8242,YUL,146,ZBF,5538,YUL,-73.7407989502,45.4706001282,ZBF,-65.738899231,47.629699707
20608,28161,TSF,1539,VLC,1246,TSF,12.1944,45.648399,VLC,-0.481624990701675,39.4892997741699
13218,17195,XMN,3383,JDZ,6380,XMN,118.12799835205,24.5440006256103,JDZ,117.176002502,29.3386001587
6001,6828,SLC,3536,PHL,3752,SLC,-111.977996826171,40.7883987426757,PHL,-75.241096496582,39.871898651123
34091,62501,ABV,260,ACC,248,ABV,7.26316976547241,9.00679016113281,ACC,-0.16678600013256,5.60518980026245
22762,31839,MAD,1229,EIN,585,MAD,-3.56264,40.471926,EIN,5.37452983856,51.4500999451
4417,5190,DFW,3670,CMH,3759,DFW,-97.0380020141601,32.896800994873,CMH,-82.8918991088867,39.9980010986328
1021,1083,ACA,1783,TLC,1850,ACA,-99.7539978027343,16.7570991516113,TLC,-99.5660018921,19.3370990753
31941,54999,LGW,502,SXB,1435,LGW,-0.190277993679046,51.1481018066406,SXB,7.62823009490966,48.5382995605468
34320,62813,HHN,355,SOF,1194,HHN,7.26388978957999,49.9486999512,SOF,23.4114360809326,42.6966934204101
10061,12222,ORY,1386,CMN,1074,ORY,2.3794444,48.7233333,CMN,-7.58997011184692,33.3675003051757
23150,32448,DKR,1084,MAD,1229,DKR,-17.4902000427246,14.7397003173828,MAD,-3.56264,40.471926
5074,5879,LHR,507,SAN,3731,LHR,-0.461941,51.4706,SAN,-117.190002441,32.7336006165
18715,26139,BLQ,1538,PMO,1512,BLQ,11.2887,44.5354,PMO,13.091,38.175999
9348,11032,LIM,2789,AQP,2802,LIM,-77.114304,-12.0219,AQP,-71.5830993652,-16.3411006927
821,873,SHE,4144,CSX,3371,SHE,123.483001708984,41.6398010253906,CSX,113.220001221,28.1891994475999
8750,10067,ALG,210,DKR,1084,ALG,3.21540999412536,36.6910018920898,DKR,-17.4902000427246,14.7397003173828
23292,32803,NTE,1418,SVQ,1253,NTE,-1.61073005199,47.1531982422,SVQ,-5.89310979843139,37.4179992675781
27972,44882,ZAG,1208,IST,1701,ZAG,16.0687999725,45.7429008484,IST,28.8145999907999,40.9768981934
11028,14000,EWR,3494,SJU,2890,EWR,-74.168701171875,40.6925010681152,SJU,-66.0018005371,18.4393997192
32327,55826,AVP,4286,ORD,3830,AVP,-75.7233963013,41.3385009765999,ORD,-87.90480042,41.97859955
34142,62601,IKA,4330,EBL,3989,IKA,51.1521987915039,35.4160995483398,EBL,43.9631996154785,36.2375984191894
7631,8754,PLU,2528,VDC,6039,PLU,-43.9505996704101,-19.8512001037597,VDC,-40.8630981445,-14.8627996445
34422,62935,POZ,674,BVA,1367,POZ,16.8262996674,52.4210014342999,BVA,2.11278009414672,49.4543991088867
19238,26703,EIN,585,KRK,669,EIN,5.37452983856,51.4500999451,KRK,19.7847995758056,50.0777015686035
33393,58204,DOK,2940,DME,4029,DOK,37.7397003173828,48.0736007690429,DME,37.9062995910644,55.4087982177734
15889,22090,VPE,5632,SVP,949,VPE,15.6837997437,-17.0435009003,SVP,16.947399139404,-12.404600143433
35259,65098,JED,2072,SLL,2195,JED,39.156502,21.6796,SLL,54.0913009643554,17.0387001037597
11153,14158,MCO,3878,ORH,6426,MCO,-81.3089981079101,28.4293994903564,ORH,-71.8757019042968,42.2672996520996
6953,7988,MSY,3861,YYZ,193,MSY,-90.2580032348632,29.9934005737304,YYZ,-79.6305999755999,43.6772003174
9242,10826,SIN,3316,LGK,3305,SIN,103.994003,1.35019,LGK,99.7286987304687,6.32973003387451
30035,50670,BRE,353,ACE,1055,BRE,8.78666973114,53.0475006104,ACE,-13.6051998138427,28.945499420166
19445,26923,GSE,691,AGP,1230,GSE,11.8704004287719,57.7747001647949,AGP,-4.49911022186279,36.6749000549316
8707,10018,VCE,1551,NCE,1354,VCE,12.3519,45.505299,NCE,7.21586990356,43.6584014893
33152,57594,SAV,3613,IAH,3550,SAV,-81.20210266,32.12760162,IAH,-95.3414001464843,29.9843997955322
15168,20718,EVV,4018,DTW,3645,EVV,-87.5324020386,38.0369987488,DTW,-83.353401184082,42.2123985290527
31670,54489,BFS,465,MLA,1606,BFS,-6.21582984923999,54.6575012207,MLA,14.4775,35.857498
17589,24484,PIR,5761,DEN,3751,PIR,-100.2860031,44.38270187,DEN,-104.672996521,39.861698150635
244,261,BRL,5726,STL,3678,BRL,-91.125503540039,40.7831993103027,STL,-90.370002746582,38.7486991882324
15408,21264,MEM,3473,MCI,3458,MEM,-89.9766998291015,35.0424003601074,MCI,-94.713898,39.2976
31329,53610,ACC,248,LIS,1638,ACC,-0.16678600013256,5.60518980026245,LIS,-9.13591957092,38.7812995911
23808,33836,ATZ,5691,KWI,2176,ATZ,31.0119991302,27.0464992523,KWI,47.9688987731933,29.2266006469726
14451,19457,YIW,6394,HRB,3400,YIW,120.031997681,29.3446998596,HRB,126.25,45.6234016418457
19797,27299,MJV,1227,STN,548,MJV,-0.812389016151428,37.7750015258789,STN,0.234999999404,51.8849983215
16289,22577,ORY,1386,BGO,636,ORY,2.3794444,48.7233333,BGO,5.218140125,60.29339981
33758,60919,SXB,1435,PMO,1512,SXB,7.62823009490966,48.5382995605468,PMO,13.091,38.175999
15596,21615,PUJ,1760,ATL,3682,PUJ,-68.3634033203,18.5673999785999,ATL,-84.4281005859375,33.6366996765136
24995,37113,NAY,6341,CIH,6343,NAY,116.388000488281,39.7827987670898,CIH,113.125999,36.247501
31638,54421,AMS,580,BFS,465,AMS,4.76388978957999,52.3086013794,BFS,-6.21582984923999,54.6575012207
18603,26021,BGY,1525,BRS,490,BGY,9.70417,45.673901,BRS,-2.71909,51.382702
18769,26195,BRE,353,TMP,458,BRE,8.78666973114,53.0475006104,TMP,23.604400634766,61.414100646973
11644,15036,AGP,1230,EXT,552,AGP,-4.49911022186279,36.6749000549316,EXT,-3.41388988494873,50.7344017028808
34621,63201,CPH,609,MOL,651,CPH,12.656000137329,55.617900848389,MOL,7.2624998092651,62.744701385498
24146,34885,LJU,1569,WAW,679,LJU,14.4576,46.223701,WAW,20.9671001433999,52.1656990051
11483,14658,LGW,502,VRN,1550,LGW,-0.190277993679046,51.1481018066406,VRN,10.8885,45.395699
7665,8791,REC,2610,VCP,2578,REC,-34.923599243164,-8.12648963928222,VCP,-47.1344985962,-23.0074005127
12447,16131,CHG,6772,PEK,3364,CHG,120.434998,41.538101,PEK,116.584999084472,40.0801010131835
30803,52279,BGW,4130,ESB,1682,BGW,44.2346000671,33.2625007629,ESB,32.995098114,40.1281013488999
21960,29946,PEW,2219,BAH,2057,PEW,71.5146026611328,33.9939002990722,BAH,50.6335983276367,26.2707996368408
9824,11867,PUW,3944,SEA,3577,PUW,-117.110001,46.7439,SEA,-122.30899810791,47.4490013122558
23138,32414,CCS,2851,MAD,1229,CCS,-66.9905853271,10.6031169891,MAD,-3.56264,40.471926
19326,26800,FEZ,1066,NRN,4198,FEZ,-4.97796010970999,33.9272994995,NRN,6.14216995239,51.6024017334
2638,3065,BAV,6346,XIY,3379,BAV,109.997001647949,40.560001373291,XIY,108.751998901367,34.4471015930175
1452,1521,NAP,1561,HAJ,352,NAP,14.2908,40.886002,HAJ,9.68507957458,52.461101532
16179,22422,EDI,535,OSL,644,EDI,-3.37249994277954,55.9500007629394,OSL,11.100399971008,60.193901062012
30400,51332,EAM,2075,DMM,2064,EAM,44.4192008972168,17.611400604248,DMM,49.7979011535644,26.4712009429931
11005,13967,CHS,3806,BOS,3448,CHS,-80.04049683,32.89860153,BOS,-71.00520325,42.36429977
27117,42660,BNE,3320,VLI,1997,BNE,153.117004394531,-27.384199142456,VLI,168.32000732422,-17.699300765991
32118,55374,SKG,1486,BSL,1423,SKG,22.9708995819091,40.5196990966796,BSL,7.5291667,47.59
22584,31391,LHW,3378,TPE,2276,LHW,103.620002747,36.5152015686,TPE,121.233002,25.0777
5696,6516,PHX,3462,ABQ,4019,PHX,-112.012001037597,33.4342994689941,ABQ,-106.609001159667,35.0401992797851
18817,26245,BRS,490,WMI,8414,BRS,-2.71909,51.382702,WMI,20.6518001556,52.4510993958
17358,24082,AUH,2179,JAI,3098,AUH,54.6511001586914,24.4330005645751,JAI,75.8122024536,26.8241996765
12150,15716,TSN,3368,KHH,2264,TSN,117.346000671,39.1244010924999,KHH,120.349998474121,22.5771007537841
24149,34888,MUC,346,PRN,1742,MUC,11.786100387573,48.353801727295,PRN,21.035801,42.5728
32850,56826,IAH,3550,RTB,1774,IAH,-95.3414001464843,29.9843997955322,RTB,-86.523003,16.316799
17002,23488,OMH,5936,THR,2131,OMH,45.0686988831,37.6680984497,THR,51.3134002685546,35.6892013549804
12497,16246,CTU,3395,ZHA,6357,CTU,103.946998596191,30.5785007476806,ZHA,110.358002,21.214399
27501,43725,LIS,1638,LPA,1054,LIS,-9.13591957092,38.7812995911,LPA,-15.3865995407104,27.931900024414
1281,1350,DRS,338,CGN,344,DRS,13.7672004699707,51.1328010559082,CGN,7.1427397728,50.8658981323
9749,11659,HNL,3728,PDX,3720,HNL,-157.921997070312,21.3187007904052,PDX,-122.5979996,45.58869934
2710,3161,PVG,3406,HFE,3389,PVG,121.805000305175,31.1434001922607,HFE,117.297996520996,31.7800006866455
25561,38409,HAM,342,BSL,1423,HAM,9.9882297515869,53.630401611328,BSL,7.5291667,47.59
27165,42721,ULB,5910,PBJ,5900,ULB,168.3011,-16.3297,PBJ,168.257003784,-16.438999176
19104,26541,CRL,304,TSF,1539,CRL,4.45382022858,50.4592018126999,TSF,12.1944,45.648399
16765,23163,DXB,2188,EBB,1187,DXB,55.3643989563,25.2527999878,EBB,32.4435005187988,0.0423859991133213
26431,40021,TNR,918,JNB,813,TNR,47.4788017273,-18.7968997955,JNB,28.246,-26.1392
28684,46370,TLV,1590,ODS,2947,TLV,34.8866996765136,32.0113983154296,ODS,30.6765003204345,46.4267997741699
22984,32126,UGC,6152,VOG,2967,UGC,60.6417007446289,41.584300994873,VOG,44.3455009460449,48.7825012207031
4077,4848,CAK,4112,DCA,3520,CAK,-81.4421997070312,40.9160995483398,DCA,-77.037697,38.8521
28466,45860,LHE,2207,DEL,3093,LHE,74.4036026000976,31.5216007232666,DEL,77.1031036376953,28.566499710083
28216,45476,GVA,1665,AYT,1688,GVA,6.10895013809204,46.2380981445312,AYT,30.800501,36.898701
4246,5017,CLT,3876,UVF,2894,CLT,-80.9430999755859,35.2140007019043,UVF,-60.952599,13.7332
11842,15301,GTE,6270,DRW,3999,GTE,136.460006714,-13.9750003815,DRW,130.876998901367,-12.4146995544433
12510,16262,DEL,3093,PEK,3364,DEL,77.1031036376953,28.566499710083,PEK,116.584999084472,40.0801010131835
32016,55158,MAN,478,SKG,1486,MAN,-2.27495002746582,53.3536987304687,SKG,22.9708995819091,40.5196990966796
19544,27025,KRK,669,BLQ,1538,KRK,19.7847995758056,50.0777015686035,BLQ,11.2887,44.5354
13510,17641,MGA,1863,PTY,1871,MGA,-86.1681976318359,12.1415004730224,PTY,-79.3834991455,9.0713596344
24515,35505,WRO,680,CDG,1382,WRO,16.885799408,51.1026992798,CDG,2.54999995232,49.0127983093
19511,26989,IBZ,1225,BLQ,1538,IBZ,1.37311995028999,38.8728981018,BLQ,11.2887,44.5354
4422,5195,DFW,3670,CRW,4285,DFW,-97.0380020141601,32.896800994873,CRW,-81.5932006835937,38.3731002807617
33982,61865,HUH,1991,BOB,1989,HUH,-151.022003173828,-16.6872005462646,BOB,-151.751007080078,-16.4444007873535
2702,3153,NGB,3387,YIH,6361,NGB,121.461997985839,29.8267002105712,YIH,111.479988,30.55655
31363,53710,LIS,1638,GIG,2560,LIS,-9.13591957092,38.7812995911,GIG,-43.2505569458,-22.8099994659
22483,31071,HER,1452,LIL,1399,HER,25.1802997589,35.3396987915,LIL,3.086886,50.563332
21125,28879,AZA,6505,GFK,3442,AZA,-111.6549988,33.30780029,GFK,-97.176102,47.949299
24386,35342,BEG,1739,LCA,1197,BEG,20.3090991974,44.8184013367,LCA,33.624900817871,34.8750991821289
27680,44069,WLG,2042,WRE,2045,WLG,174.804992676,-41.3272018433,WRE,174.365005493164,-35.7682991027832
17838,24816,NAN,1960,VLI,1997,NAN,177.442993164062,-17.7553997039794,VLI,168.32000732422,-17.699300765991
10736,13541,MXP,1524,BEY,2177,MXP,8.72811,45.6306,BEY,35.4883995056152,33.8208999633789
27173,42730,VLI,1997,LNB,5902,VLI,168.32000732422,-17.699300765991,LNB,168.158996582,-16.5841999054
28759,46517,BEL,2526,CAY,2774,BEL,-48.4762992859,-1.37925004959,CAY,-52.3604011535999,4.81980991363999
30168,50893,LBD,6147,ROV,2964,LBD,69.6947021484375,40.2154006958007,ROV,39.8180999756,47.2582015991
15202,20784,GIG,2560,ATL,3682,GIG,-43.2505569458,-22.8099994659,ATL,-84.4281005859375,33.6366996765136
27039,42295,SYX,4030,LZH,6356,SYX,109.412002563476,18.302900314331,LZH,109.390999,24.2075
8683,9987,TLS,1273,CDG,1382,TLS,1.36382,43.629101,CDG,2.54999995232,49.0127983093
17993,25074,EWR,3494,BNA,3690,EWR,-74.168701171875,40.6925010681152,BNA,-86.6781997680664,36.1245002746582
2597,2938,SVX,2975,MQF,2969,SVX,60.802700042725,56.743099212646,MQF,58.7556991577148,53.3931007385253
15982,22189,AAL,628,AGP,1230,AAL,9.84924316406,57.0927589138,AGP,-4.49911022186279,36.6749000549316
2210,2388,OVB,4078,PYJ,6092,OVB,82.650703430176,55.012599945068,PYJ,112.029998779,66.4003982544
31156,53001,AGP,1230,LTN,492,AGP,-4.49911022186279,36.6749000549316,LTN,-0.368333011865615,51.874698638916
26138,39485,PSA,1562,MAN,478,PSA,10.3927,43.683899,MAN,-2.27495002746582,53.3536987304687
2958,3462,NNG,3373,SHA,3391,NNG,108.171997070312,22.608299255371,SHA,121.335998535156,31.1979007720947
22280,30535,EMK,7087,BET,3599,EMK,-164.4909973,62.78609848,BET,-161.8379974,60.77980042
13662,17891,HKG,3077,CSX,3371,HKG,113.915000916,22.3089008331,CSX,113.220001221,28.1891994475999
9853,11923,SEA,3577,EAT,6916,SEA,-122.30899810791,47.4490013122558,EAT,-120.207000732,47.3988990784
31068,52805,SAW,4317,MXP,1524,SAW,29.3092002869,40.898601532,MXP,8.72811,45.6306
24685,35866,CJU,2370,TAE,2381,CJU,126.49299621582,33.5112991333007,TAE,128.658996582,35.8941001891999
18063,25168,LAX,3484,HOU,3566,LAX,-118.4079971,33.94250107,HOU,-95.27890015,29.64539909
1846,1984,XMN,3383,MNL,2397,XMN,118.12799835205,24.5440006256103,MNL,121.019997,14.5086
23665,33607,SHJ,2191,PNQ,3017,SHJ,55.5172004699707,25.3285999298095,PNQ,73.9197006225586,18.5820999145507
30409,51345,GIZ,2066,DMM,2064,GIZ,42.5858001708984,16.9011001586914,DMM,49.7979011535644,26.4712009429931
18024,25115,HOU,3566,RDU,3626,HOU,-95.27890015,29.64539909,RDU,-78.7874984741211,35.8776016235351
25853,39016,HBE,3410,TOB,5697,HBE,29.6963996887207,30.9176998138427,TOB,23.907,31.861
16204,22460,HEL,421,ATH,3941,HEL,24.963300704956,60.317199707031,ATH,23.9444999695,37.9364013672
34014,61906,PPT,4075,TUB,1972,PPT,-149.606994629,-17.5536994934,TUB,-149.524002075195,-23.365400314331
28768,46529,PBM,2773,CAY,2774,PBM,-55.1878013611,5.45282983779999,CAY,-52.3604011535999,4.81980991363999
8567,9847,ORY,1386,LCY,503,ORY,2.3794444,48.7233333,LCY,0.055278,51.505299
31366,53723,LIS,1638,LYS,1335,LIS,-9.13591957092,38.7812995911,LYS,5.0811111,45.7255556
33711,60840,BRI,1501,VRN,1550,BRI,16.760599,41.138901,VRN,10.8885,45.395699
24177,34921,AYQ,4010,SYD,3361,AYQ,130.975998,-25.1861,SYD,151.177001953125,-33.9460983276367
806,854,NKG,3388,KMG,3382,NKG,118.861999511718,31.7420005798339,KMG,102.9291667,25.1019444
7810,8947,RMQ,2268,SGN,3205,RMQ,120.621002197265,24.264699935913,SGN,106.652000427,10.8187999725
4127,4898,CLT,3876,BDL,3825,CLT,-80.9430999755859,35.2140007019043,BDL,-72.6831970214999,41.9388999939
1356,1425,HAJ,352,SPU,1206,HAJ,9.68507957458,52.461101532,SPU,16.2980003356933,43.5388984680175
21056,28762,MGF,2586,CGR,2538,MGF,-52.01222229,-23.4794445037999,CGR,-54.6725006104,-20.4687004089
29859,49988,IST,1701,GOT,687,IST,28.8145999907999,40.9768981934,GOT,12.279800415039,57.662799835205
34979,64233,ONT,3734,SJC,3748,ONT,-117.600997924804,34.0559997558593,SJC,-121.929000854492,37.3625984191894
28955,46942,ISA,3324,TSV,3330,ISA,139.488998413,-20.6639003753999,TSV,146.764999389648,-19.2525005340576
10027,12182,IST,1701,CMN,1074,IST,28.8145999907999,40.9768981934,CMN,-7.58997011184692,33.3675003051757
26468,40076,BGW,4130,BEY,2177,BGW,44.2346000671,33.2625007629,BEY,35.4883995056152,33.8208999633789
26106,39447,NCL,521,BJV,4315,NCL,-1.69166994094848,55.037498474121,BJV,27.6643009186,37.2505989074999
6869,7883,DLA,897,FIH,1020,DLA,9.71947956084999,4.0060801506,FIH,15.4446001053,-4.38574981689
793,841,MIG,6400,XNN,6366,MIG,104.740997314453,31.4281005859375,XNN,102.042999,36.5275
22386,30715,OKJ,2327,CTS,2287,OKJ,133.854995728,34.7569007874,CTS,141.692001342773,42.7751998901367
25464,38224,FRA,340,BEY,2177,FRA,8.5705556,50.0333333,BEY,35.4883995056152,33.8208999633789
4792,5586,JAX,3712,DCA,3520,JAX,-81.6878967285156,30.4941005706787,DCA,-77.037697,38.8521
34070,62468,KEF,16,SXF,337,KEF,-22.605600357056,63.985000610352,SXF,13.522500038147,52.380001068115
4071,4842,BZE,1957,MIA,3576,BZE,-88.3081970214843,17.5391006469726,MIA,-80.2906036376953,25.7931995391845
33946,61631,RAI,5674,FOR,2559,RAI,-23.4934997558593,14.924500465393,FOR,-38.532600402832,-3.77627992630004
31590,54312,ORY,1386,PAP,1897,ORY,2.3794444,48.7233333,PAP,-72.2925033569336,18.579999923706
776,824,LHW,3378,TSN,3368,LHW,103.620002747,36.5152015686,TSN,117.346000671,39.1244010924999
9373,11079,MEX,1824,JAL,5837,MEX,-99.072098,19.4363,JAL,-96.7975006104,19.4750995636
25491,38274,FRA,340,GWT,410,FRA,8.5705556,50.0333333,GWT,8.34047031403,54.9132003784
5196,6006,MIA,3576,BDA,4069,MIA,-80.2906036376953,25.7931995391845,BDA,-64.6787033081054,32.3639984130859
29054,47272,VLN,2868,PMV,2850,VLN,-67.9283981323242,10.1497325897216,PMV,-63.9665985107421,10.9126033782958
17260,23857,LFW,298,GIG,2560,LFW,1.25451004505157,6.16560983657836,GIG,-43.2505569458,-22.8099994659
1085,1149,MEX,1824,ZCL,1855,MEX,-99.072098,19.4363,ZCL,-102.68699646,22.8971004486
7698,8829,STM,4092,ATM,2566,STM,-54.785831451416,-2.42472195625305,ATM,-52.254001617432,-3.2539100646973
11470,14642,LGW,502,MRU,893,LGW,-0.190277993679046,51.1481018066406,MRU,57.6836013793945,-20.4302005767822
14472,19485,YTY,8876,HRB,3400,YTY,119.7198,32.5634,HRB,126.25,45.6234016418457
322,354,YUL,146,YGL,62,YUL,-73.7407989502,45.4706001282,YGL,-77.7042007446289,53.6253013610839
9931,12071,BJL,1050,RAI,5674,BJL,-16.6522006988525,13.3380002975463,RAI,-23.4934997558593,14.924500465393
8497,9761,MSN,3459,ATL,3682,MSN,-89.3375015258789,43.1399002075195,ATL,-84.4281005859375,33.6366996765136
11171,14181,ORH,6426,FLL,3533,ORH,-71.8757019042968,42.2672996520996,FLL,-80.1527023315429,26.0725994110107
6299,7166,DUS,345,GCI,498,DUS,6.76677989959716,51.2895011901855,GCI,-2.60196995735168,49.435001373291
